Parent_ID	Parent_Name	Topics	Child_Left_ID	Child_Left_Name	Child_Right_ID	Child_Right_Name	Distance
574	al_burhan_sudan_sudanese_channel	[0, 1, 2, 3, 4, 5, 6, 7, 8, 9, 10, 11, 12, 13, 14, 15, 16, 17, 18, 19, 20, 21, 22, 23, 24, 25, 26, 27, 28, 29, 30, 31, 32, 33, 34, 35, 36, 37, 38, 39, 40, 41, 42, 43, 44, 45, 46, 47, 48, 49, 50, 51, 52, 53, 54, 55, 56, 57, 58, 59, 60, 61, 62, 63, 64, 65, 66, 67, 68, 69, 70, 71, 72, 73, 74, 75, 76, 77, 78, 79, 80, 81, 82, 83, 84, 85, 86, 87, 88, 89, 90, 91, 92, 93, 94, 95, 96, 97, 98, 99, 100, 101, 102, 103, 104, 105, 106, 107, 108, 109, 110, 111, 112, 113, 114, 115, 116, 117, 118, 119, 120, 121, 122, 123, 124, 125, 126, 127, 128, 129, 130, 131, 132, 133, 134, 135, 136, 137, 138, 139, 140, 141, 142, 143, 144, 145, 146, 147, 148, 149, 150, 151, 152, 153, 154, 155, 156, 157, 158, 159, 160, 161, 162, 163, 164, 165, 166, 167, 168, 169, 170, 171, 172, 173, 174, 175, 176, 177, 178, 179, 180, 181, 182, 183, 184, 185, 186, 187, 188, 189, 190, 191, 192, 193, 194, 195, 196, 197, 198, 199, 200, 201, 202, 203, 204, 205, 206, 207, 208, 209, 210, 211, 212, 213, 214, 215, 216, 217, 218, 219, 220, 221, 222, 223, 224, 225, 226, 227, 228, 229, 230, 231, 232, 233, 234, 235, 236, 237, 238, 239, 240, 241, 242, 243, 244, 245, 246, 247, 248, 249, 250, 251, 252, 253, 254, 255, 256, 257, 258, 259, 260, 261, 262, 263, 264, 265, 266, 267, 268, 269, 270, 271, 272, 273, 274, 275, 276, 277, 278, 279, 280, 281, 282, 283, 284, 285, 286, 287]	572	required_whatsapp_channel_officer_courses	573	al_burhan_sudan_sudanese_forces	3.0039326705013325
573	al_burhan_sudan_sudanese_forces	[0, 1, 2, 3, 4, 5, 6, 7, 8, 9, 10, 11, 12, 14, 16, 17, 18, 19, 20, 21, 22, 23, 24, 25, 26, 27, 28, 29, 30, 31, 32, 33, 35, 36, 37, 38, 39, 40, 42, 43, 44, 45, 46, 48, 51, 52, 53, 54, 56, 58, 59, 60, 65, 66, 68, 70, 71, 72, 73, 76, 78, 79, 81, 82, 83, 84, 86, 87, 88, 89, 90, 91, 92, 93, 94, 95, 96, 97, 98, 100, 101, 102, 105, 106, 107, 108, 109, 110, 111, 112, 114, 115, 116, 117, 120, 122, 123, 124, 126, 127, 129, 132, 134, 138, 140, 141, 143, 145, 147, 150, 151, 152, 153, 155, 158, 159, 160, 163, 166, 167, 169, 172, 178, 180, 181, 182, 183, 185, 186, 187, 188, 189, 191, 193, 196, 197, 200, 201, 202, 206, 208, 209, 210, 213, 218, 221, 222, 225, 227, 228, 229, 230, 232, 233, 234, 236, 237, 240, 242, 243, 244, 246, 248, 249, 250, 251, 256, 260, 261, 263, 266, 267, 270, 271, 275, 277, 278, 279, 280, 281, 282]	568	al_burhan_health_sudani_khartoum	570	al_rapid_forces_militia_fasher	2.377531641954315
572	required_whatsapp_channel_officer_courses	[13, 15, 34, 41, 47, 49, 50, 55, 57, 61, 62, 63, 64, 67, 69, 74, 75, 77, 80, 85, 99, 103, 104, 113, 118, 119, 121, 125, 128, 130, 131, 133, 135, 136, 137, 139, 142, 144, 146, 148, 149, 154, 156, 157, 161, 162, 164, 165, 168, 170, 171, 173, 174, 175, 176, 177, 179, 184, 190, 192, 194, 195, 198, 199, 203, 204, 205, 207, 211, 212, 214, 215, 216, 217, 219, 220, 223, 224, 226, 231, 235, 238, 239, 241, 245, 247, 252, 253, 254, 255, 257, 258, 259, 262, 264, 265, 268, 269, 272, 273, 274, 276, 283, 284, 285, 286, 287]	554	ad_headlines_newspapers_watan_news	571	required_whatsapp_channel_officer_courses	2.3649708958977884
571	required_whatsapp_channel_officer_courses	[13, 15, 34, 41, 47, 49, 50, 55, 61, 63, 64, 67, 69, 74, 75, 77, 80, 99, 103, 104, 113, 118, 119, 121, 125, 128, 130, 131, 133, 135, 136, 137, 139, 144, 146, 148, 149, 157, 161, 162, 164, 168, 170, 171, 173, 175, 176, 177, 179, 184, 190, 192, 194, 198, 203, 204, 207, 211, 214, 215, 216, 217, 219, 223, 224, 226, 231, 235, 238, 239, 241, 245, 247, 252, 253, 254, 255, 257, 259, 262, 264, 265, 268, 269, 272, 273, 276, 283, 284, 285, 286, 287]	569	required_officer_courses_assistant_jobs	566	god_al_saqwl_facebook_whatsapp	2.2323908728744035
570	al_rapid_forces_militia_fasher	[0, 4, 8, 9, 10, 12, 16, 18, 19, 22, 23, 27, 35, 36, 37, 38, 42, 48, 66, 68, 72, 73, 76, 78, 84, 89, 90, 91, 92, 96, 100, 102, 105, 107, 110, 124, 127, 129, 132, 134, 138, 141, 143, 145, 159, 160, 166, 169, 172, 178, 181, 182, 185, 186, 187, 191, 193, 197, 200, 208, 229, 230, 232, 233, 236, 237, 243, 244, 248, 256, 260, 261, 263, 266, 267, 270, 275, 278, 279, 280]	559	al_rapid_fasher_forces_el	565	al_burhan_uae_israel_president	2.055079460813971
569	required_officer_courses_assistant_jobs	[15, 50, 61, 119, 125, 128, 130, 135, 146, 171, 173, 176, 194, 198, 204, 214, 223, 226, 241, 257, 268, 272, 276, 283, 284, 285, 286]	557	channel_whatsapp_follow_telegram_karry	567	required_officer_courses_assistant_jobs	1.99989531959295
568	al_burhan_health_sudani_khartoum	[1, 2, 3, 5, 6, 7, 11, 14, 17, 20, 21, 24, 25, 26, 28, 29, 30, 31, 32, 33, 39, 40, 43, 44, 45, 46, 51, 52, 53, 54, 56, 58, 59, 60, 65, 70, 71, 79, 81, 82, 83, 86, 87, 88, 93, 94, 95, 97, 98, 101, 106, 108, 109, 111, 112, 114, 115, 116, 117, 120, 122, 123, 126, 140, 147, 150, 151, 152, 153, 155, 158, 163, 167, 180, 183, 188, 189, 196, 201, 202, 206, 209, 210, 213, 218, 221, 222, 225, 227, 228, 234, 240, 242, 246, 249, 250, 251, 271, 277, 281, 282]	564	al_burhan_sudani_education_newspaper	560	ethiopian_refugees_al_humanitarian_aid	1.8953332784751975
567	required_officer_courses_assistant_jobs	[15, 61, 119, 130, 135, 171, 173, 176, 194, 223, 241, 257, 268, 272, 276, 283, 286]	542	required_officer_courses_assistant_jobs	534	scene_link_telegram_guardians_righteous	1.8843493401620084
566	god_al_saqwl_facebook_whatsapp	[13, 34, 41, 47, 49, 55, 63, 64, 67, 69, 74, 75, 77, 80, 99, 103, 104, 113, 118, 121, 131, 133, 136, 137, 139, 144, 148, 149, 157, 161, 162, 164, 168, 170, 175, 177, 179, 184, 190, 192, 203, 207, 211, 215, 216, 217, 219, 224, 231, 235, 238, 239, 245, 247, 252, 253, 254, 255, 259, 262, 264, 265, 269, 273, 287]	501	god_oh_mercy_victory_speedy	563	al_saqwl_facebook_weather_whatsapp	1.8780016090606464
565	al_burhan_uae_israel_president	[4, 8, 16, 19, 23, 35, 36, 38, 48, 66, 68, 72, 73, 84, 89, 91, 102, 105, 124, 134, 138, 141, 143, 159, 160, 166, 169, 172, 182, 187, 191, 193, 197, 208, 230, 233, 236, 237, 243, 256, 263, 270, 275, 278, 280]	549	al_israel_foreign_uae_burhan	558	court_bashir_al_party_revolution	1.7451358238274706
564	al_burhan_sudani_education_newspaper	[1, 3, 5, 11, 14, 20, 26, 29, 30, 31, 32, 33, 39, 40, 43, 44, 45, 46, 51, 53, 54, 56, 58, 59, 60, 70, 71, 79, 81, 82, 86, 87, 88, 93, 94, 95, 97, 98, 101, 106, 112, 114, 115, 116, 117, 120, 126, 147, 150, 151, 152, 153, 155, 158, 163, 180, 183, 188, 196, 201, 202, 206, 209, 210, 218, 221, 222, 225, 227, 242, 246, 249, 250, 277, 281]	543	pounds_bank_price_dollar_prices	562	al_burhan_sudani_education_newspaper	1.7208915870510852
563	al_saqwl_facebook_weather_whatsapp	[34, 41, 47, 55, 64, 67, 69, 74, 77, 99, 103, 113, 118, 121, 131, 133, 137, 139, 144, 148, 149, 157, 161, 162, 164, 168, 175, 177, 179, 184, 190, 192, 203, 207, 211, 215, 216, 217, 219, 224, 231, 235, 238, 239, 245, 247, 252, 253, 254, 255, 259, 262, 264, 265, 269, 273, 287]	561	al_facebook_weather_whatsapp_temperatures	317	saqwl_coverage_spokesperson_fees_office	1.7058555986079351
562	al_burhan_sudani_education_newspaper	[1, 3, 5, 14, 20, 26, 29, 31, 32, 33, 39, 40, 44, 45, 46, 51, 54, 56, 58, 59, 70, 71, 79, 81, 82, 86, 87, 95, 97, 98, 101, 106, 112, 114, 116, 117, 120, 126, 147, 152, 153, 155, 158, 163, 180, 183, 188, 196, 201, 202, 206, 209, 210, 218, 222, 225, 227, 242, 246, 249, 250, 277, 281]	556	passports_police_immigration_passport_al	551	al_burhan_education_sudani_students	1.7043166337057376
561	al_facebook_weather_whatsapp_temperatures	[34, 47, 55, 64, 67, 69, 74, 77, 103, 113, 118, 121, 131, 133, 137, 139, 144, 149, 157, 161, 162, 164, 168, 175, 177, 179, 184, 190, 192, 203, 207, 211, 215, 216, 217, 219, 224, 231, 235, 238, 239, 245, 247, 252, 253, 254, 255, 259, 262, 264, 265, 269, 273, 287]	546	weather_temperatures_floods_rains_meteorology	555	al_honey_whatsapp_facebook_best	1.6661614233545408
560	ethiopian_refugees_al_humanitarian_aid	[2, 6, 7, 17, 21, 24, 25, 28, 52, 65, 83, 108, 109, 111, 122, 123, 140, 167, 189, 213, 228, 234, 240, 251, 271, 282]	504	cholera_health_cases_doctors_medical	548	ethiopian_refugees_humanitarian_aid_food	1.6179217196720992
559	al_rapid_fasher_forces_el	[0, 9, 10, 12, 18, 22, 27, 37, 42, 76, 78, 90, 92, 96, 100, 107, 110, 127, 129, 132, 145, 178, 181, 185, 186, 200, 229, 232, 244, 248, 260, 261, 266, 267, 279]	541	al_armed_commander_chief_forces	552	al_rapid_fasher_el_city	1.6035680685751321
558	court_bashir_al_party_revolution	[16, 23, 36, 38, 68, 72, 84, 105, 134, 138, 141, 143, 166, 172, 193, 236, 243, 256, 278]	524	party_revolution_freedom_al_change	509	court_bashir_criminal_al_justice	1.5691161915743774
557	channel_whatsapp_follow_telegram_karry	[50, 125, 128, 146, 198, 204, 214, 226, 284, 285]	406	whatsapp_channel_follow_telegram_correspondent	424	karry_channel_language_study_interact	1.5343784236871643
556	passports_police_immigration_passport_al	[29, 31, 32, 33, 39, 40, 45, 46, 51, 56, 58, 59, 70, 71, 79, 81, 82, 87, 97, 112, 114, 116, 117, 147, 152, 153, 155, 158, 180, 183, 188, 196, 201, 202, 209, 210, 222, 225, 227, 242, 246, 249, 277, 281]	537	passports_immigration_passport_foreigners_libya	553	police_customs_trafficking_security_al	1.5134717373196551
555	al_honey_whatsapp_facebook_best	[47, 55, 64, 69, 74, 77, 103, 113, 118, 131, 133, 139, 144, 149, 157, 161, 162, 164, 168, 175, 177, 179, 184, 190, 192, 203, 207, 211, 215, 217, 219, 224, 231, 238, 239, 245, 247, 252, 253, 254, 255, 259, 262, 264, 265, 269, 273, 287]	550	honey_whatsapp_facebook_al_best	533	al_operational_did_love_diaspora	1.4937786441074905
554	ad_headlines_newspapers_watan_news	[57, 62, 85, 142, 154, 156, 165, 174, 195, 199, 205, 212, 220, 258, 274]	485	headlines_newspapers_ad_issued_newspaper	522	watan_news_ad_2025_summary	1.470884131051863
553	police_customs_trafficking_security_al	[29, 31, 33, 40, 45, 46, 51, 56, 58, 59, 71, 79, 82, 87, 97, 117, 153, 155, 158, 180, 183, 188, 196, 201, 202, 209, 210, 222, 225, 227, 246, 249, 277, 281]	547	police_customs_trafficking_security_journalists	510	electricity_dam_water_renaissance_station	1.4078175878078736
552	al_rapid_fasher_el_city	[0, 9, 10, 12, 18, 27, 42, 76, 78, 92, 110, 127, 145, 181, 185, 244, 260, 267]	515	women_rights_sexual_violence_human	531	al_rapid_fasher_el_city	1.3910091609748725
551	al_burhan_education_sudani_students	[1, 3, 5, 14, 20, 26, 44, 54, 86, 95, 98, 101, 106, 120, 126, 163, 206, 218, 250]	535	al_burhan_education_sudani_newspaper	538	hajj_zakat_pilgrims_umrah_al	1.3855907154424492
550	honey_whatsapp_facebook_al_best	[55, 69, 77, 113, 131, 133, 139, 144, 161, 164, 168, 175, 179, 190, 203, 207, 215, 217, 219, 224, 231, 239, 245, 252, 255, 259, 262, 264, 269, 287]	540	honey_al_best_249918984706_suna	536	facebook_whatsapp_id_channel_cemetery	1.3674592765676583
549	al_israel_foreign_uae_burhan	[4, 8, 19, 35, 48, 66, 73, 89, 91, 102, 124, 159, 160, 169, 182, 187, 191, 197, 208, 230, 233, 237, 263, 270, 275, 280]	545	al_israel_foreign_uae_israeli	492	peace_parties_agreement_ceasefire_truce	1.3267209814815453
548	ethiopian_refugees_humanitarian_aid_food	[2, 6, 17, 24, 25, 28, 52, 108, 109, 140, 189, 228, 234, 240, 251, 271]	523	humanitarian_aid_food_displaced_famine	506	ethiopian_refugees_ethiopia_border_tigray	1.325687747875577
547	police_customs_trafficking_security_journalists	[29, 31, 33, 40, 45, 46, 56, 58, 59, 71, 82, 87, 97, 117, 153, 158, 180, 183, 188, 196, 202, 209, 210, 222, 225, 246, 249, 277, 281]	539	journalists_media_service_networks_estate	544	police_customs_trafficking_security_smuggling	1.320742068842529
546	weather_temperatures_floods_rains_meteorology	[34, 67, 121, 137, 216, 235]	433	floods_rains_rain_torrential_torrents	359	weather_temperatures_hot_slight_meteorology	1.2984558653522646
545	al_israel_foreign_uae_israeli	[4, 8, 19, 48, 66, 73, 89, 102, 124, 159, 182, 187, 197, 208, 230, 237, 263, 270, 280]	417	uae_emirates_dhabi_emirati_involvement	532	al_israel_foreign_israeli_trump	1.2929066592867091
544	police_customs_trafficking_security_smuggling	[29, 31, 33, 40, 45, 46, 59, 153, 180, 196, 222, 225, 246, 249]	529	police_trafficking_security_gold_smuggling	521	customs_airport_flights_transportation_airlines	1.278597745081983
543	pounds_bank_price_dollar_prices	[11, 30, 43, 53, 60, 88, 93, 94, 115, 150, 151, 221]	503	pounds_price_prices_agricultural_oil	477	bank_dollar_exchange_banks_pound	1.2708503916069451
542	required_officer_courses_assistant_jobs	[15, 135, 171, 173, 241, 257, 268, 276, 283, 286]	517	required_officer_assistant_degree_bachelor	467	courses_study_english_jobs_interested	1.2669671755859557
541	al_armed_commander_chief_forces	[22, 37, 90, 96, 100, 107, 129, 132, 178, 186, 200, 229, 232, 248, 261, 266, 279]	513	chief_commander_armed_division_sovereignty	499	al_army_armed_forces_militia	1.2618173890318198
540	honey_al_best_249918984706_suna	[55, 69, 77, 113, 131, 133, 139, 144, 161, 164, 168, 175, 179, 207, 217, 239, 245, 252, 255, 259, 262, 264, 269]	526	al_suna_artist_agency_inquiries	483	honey_bet_strains_quality_laboratory	1.2545251973963583
539	journalists_media_service_networks_estate	[56, 58, 71, 82, 87, 97, 117, 158, 183, 188, 202, 209, 210, 277, 281]	528	journalists_media_networks_starlink_communications	527	service_estate_housing_rent_workers	1.2419740015936291
538	hajj_zakat_pilgrims_umrah_al	[86, 106, 126, 206, 218, 250]	312	zakat_bureau_meat_office_diwan	463	hajj_pilgrims_umrah_al_holy	1.2358529759683152
537	passports_immigration_passport_foreigners_libya	[32, 39, 70, 81, 112, 114, 116, 147, 152, 242]	438	migrants_libya_libyan_haftar_illegal	512	passports_passport_immigration_foreigners_administration	1.2346258288831238
536	facebook_whatsapp_id_channel_cemetery	[190, 203, 215, 219, 224, 231, 287]	362	facebook_distress_evident_share_strength	487	whatsapp_facebook_id_channel_cemetery	1.2291487607635767
535	al_burhan_education_sudani_newspaper	[1, 3, 5, 14, 20, 26, 44, 54, 95, 98, 101, 120, 163]	295	corona_cases_virus_coronavirus_suspected	520	al_burhan_education_students_sudani	1.2057834879200835
534	scene_link_telegram_guardians_righteous	[61, 119, 130, 176, 194, 223, 272]	448	scene_link_telegram_join_sudanese	335	guardians_righteous_glorious_forgiveness_mercy	1.2008646566205123
533	al_operational_did_love_diaspora	[47, 64, 74, 103, 118, 149, 157, 162, 177, 184, 192, 211, 238, 247, 253, 254, 265, 273]	491	did_love_father_mother_know	525	al_operational_gandhi_arabs_diaspora	1.197736909248507
532	al_israel_foreign_israeli_trump	[4, 8, 19, 48, 66, 73, 89, 102, 124, 159, 182, 187, 208, 230, 270]	314	chadian_chad_mohamed_border_president	530	al_israel_foreign_israeli_trump	1.195662238995576
531	al_rapid_fasher_el_city	[0, 9, 12, 27, 76, 92, 110, 181, 185, 260]	393	al_rapid_fasher_el_city	444	vehicles_enemy_losses_combat_armored	1.1913706231432502
530	al_israel_foreign_israeli_trump	[4, 8, 19, 48, 66, 73, 89, 102, 159, 182, 187, 208, 230]	469	african_union_sanctions_european_unamid	500	israel_al_israeli_trump_palestinian	1.168866272821323
529	police_trafficking_security_gold_smuggling	[29, 33, 40, 45, 46, 196, 249]	375	gold_mining_mineral_company_resources	475	police_trafficking_security_human_drugs	1.1673227288315942
528	journalists_media_networks_starlink_communications	[56, 71, 97, 188, 210]	328	journalists_media_press_professionals_female	450	networks_starlink_communications_internet_telecommunications	1.1639101580967293
527	service_estate_housing_rent_workers	[58, 82, 87, 117, 158, 183, 202, 209, 277, 281]	481	estate_housing_rent_real_apartment	496	service_intelligence_civil_ministries_services	1.1352356829567043
526	al_suna_artist_agency_inquiries	[55, 69, 77, 139, 144, 161, 164, 168, 175, 179, 207, 217, 239, 245, 252, 255, 259, 262, 264, 269]	476	bodies_morgue_pregnant_forensic_honey	519	al_suna_artist_agency_inquiries	1.1295052370612844
525	al_operational_gandhi_arabs_diaspora	[103, 157, 162, 184, 211, 238, 247, 254, 265, 273]	505	al_arabs_diaspora_janjaweed_homeland	516	al_operational_gandhi_island_villages	1.1240011083577766
524	party_revolution_freedom_al_change	[16, 23, 36, 68, 105, 134, 138, 141, 166, 172, 256]	489	revolution_party_freedom_change_political	426	sit_al_demonstrators_demonstrations_protesters	1.1188285408027134
523	humanitarian_aid_food_displaced_famine	[2, 17, 24, 52, 108, 140, 234, 240, 251, 271]	495	al_displaced_food_families_baskets	440	humanitarian_aid_food_famine_million	1.1161000449606902
522	watan_news_ad_2025_summary	[142, 156, 165, 174, 195, 199, 205, 212]	514	watan_2025_ad_asia_news	291	summary_best_news_start_2021	1.1158607347220701
521	customs_airport_flights_transportation_airlines	[31, 59, 153, 180, 222, 225, 246]	465	customs_cars_car_goods_smuggling	497	airport_flights_transportation_airlines_flight	1.0964012127986587
520	al_burhan_education_students_sudani	[1, 3, 5, 20, 26, 54, 95, 98, 101, 120, 163]	443	al_burhan_newspaper_sudani_hilal	435	education_students_exams_school_certificate	1.089241235696511
519	al_suna_artist_agency_inquiries	[55, 69, 77, 139, 144, 161, 164, 168, 175, 179, 207, 217, 239, 245, 252, 255, 269]	518	al_suna_artist_agency_hammam	488	inquiries_249918984706_orders_whatsapp_best	1.084796490219623
518	al_suna_artist_agency_hammam	[55, 69, 77, 139, 144, 161, 168, 179, 217, 239, 245, 252, 255, 269]	511	suna_agency_hammam_shafiq_magdy	486	artist_al_artists_abdul_tayeb	1.0706485632103162
517	required_officer_assistant_degree_bachelor	[15, 173, 241, 257]	370	required_officer_assistant_degree_bachelor	396	scholarship_admission_apply_university_luck	1.0692975113368708
516	al_operational_gandhi_island_villages	[157, 162, 184, 211, 238, 247]	468	al_island_villages_sennar_battle	447	operational_gandhi_calm_al_neighborhood	1.0690574043240908
515	women_rights_sexual_violence_human	[10, 18, 42, 78, 127, 145, 244, 267]	415	women_rights_sexual_violence_rape	445	terrorist_terrorism_list_militia_gangs	1.0416463685015775
514	watan_2025_ad_asia_news	[142, 156, 195, 199, 205, 212]	303	watan_2025_news_al_ad	494	asia_ad_homeland_correspondent_khalifa	1.0402555188323546
513	chief_commander_armed_division_sovereignty	[96, 107, 178, 186, 248, 261, 266]	349	infantry_division_brigade_commander_6th	449	chief_commander_sovereignty_armed_lieutenant	1.035331238202676
512	passports_passport_immigration_foreigners_administration	[32, 39, 70, 81, 147, 242]	466	egypt_deportation_voluntary_immigration_deported	294	passports_passport_immigration_administration_foreigners	1.0348397559752867
511	suna_agency_hammam_shafiq_magdy	[69, 139, 161, 168, 179, 217, 239, 245, 252, 269]	508	suna_agency_hammam_shafiq_magdy	507	insurance_jazeera_antiquities_al_archaeological	1.0338056694739814
510	electricity_dam_water_renaissance_station	[51, 79, 155, 201, 227]	470	electricity_water_station_road_maintenance	306	dam_renaissance_ethiopia_water_dams	1.0324966883206523
509	court_bashir_criminal_al_justice	[38, 72, 84, 143, 193, 236, 243, 278]	478	court_bashir_criminal_justice_al	454	prison_imprisonment_accused_hanging_sentence	1.032194730197517
508	suna_agency_hammam_shafiq_magdy	[69, 161, 168, 179, 252, 269]	502	suna_agency_hammam_shafiq_magdy	493	al_empowerment_watan_newspaper_committee	1.026127494121664
507	insurance_jazeera_antiquities_al_archaeological	[139, 217, 239, 245]	472	insurance_jazeera_al_health_project	473	antiquities_archaeological_heritage_cultural_culture	1.0204276811040738
506	ethiopian_refugees_ethiopia_border_tigray	[6, 25, 28, 109, 189, 228]	305	ethiopian_ethiopia_tigray_border_addis	437	refugees_refugee_unhcr_commissioner_chad	1.015686187589359
505	al_arabs_diaspora_janjaweed_homeland	[103, 254, 265, 273]	419	traitor_traitors_homeland_hands_homelands	394	al_arabs_diaspora_janjaweed_burhan	1.0105848193710594
504	cholera_health_cases_doctors_medical	[7, 21, 65, 83, 111, 122, 123, 167, 213, 282]	459	health_hospital_medical_patients_center	434	cholera_cases_doctors_health_medical	1.0068778998306853
503	pounds_price_prices_agricultural_oil	[11, 53, 93, 94, 151]	325	oil_fuel_gasoline_refinery_gas	439	pounds_agricultural_price_kilo_prices	1.0049857409202394
502	suna_agency_hammam_shafiq_magdy	[69, 179, 252]	69	suna_agency_news_sudan_sama	498	hammam_shafiq_magdy_science_technology	0.9998839948035136
501	god_oh_mercy_victory_speedy	[13, 49, 63, 75, 80, 104, 136, 170]	490	god_oh_victory_lord_blessings	392	speedy_recovery_martyrs_mercy_wounded	0.9994229431389006
500	israel_al_israeli_trump_palestinian	[4, 8, 19, 73, 89, 102, 187]	403	foreign_egyptian_ambassador_relations_affairs	460	israel_israeli_palestinian_al_trump	0.9989789143054758
499	al_army_armed_forces_militia	[22, 37, 90, 100, 129, 132, 200, 229, 232, 279]	428	darfur_arko_minawi_minni_al	474	army_al_armed_forces_war	0.998573680535654
498	hammam_shafiq_magdy_science_technology	[179, 252]	179	hammam_shafiq_magdy_science_technology	252	salva_kiir_kiirs_juba_machar	0.996472555122231
497	airport_flights_transportation_airlines_flight	[31, 153, 180, 222]	358	transportation_buses_tariffs_railway_traffic	432	airport_flights_airlines_flight_aviation	0.9946462115685826
496	service_intelligence_civil_ministries_services	[58, 158, 202, 209, 277, 281]	446	service_intelligence_ministries_khartoum_civil	482	forest_locality_services_forests_homeless	0.9849398823641243
495	al_displaced_food_families_baskets	[17, 24, 52, 140, 234, 240, 251]	455	homes_fires_houses_property_looted	387	al_displaced_food_baskets_families	0.9824837033012405
494	asia_ad_homeland_correspondent_khalifa	[195, 199, 205, 212]	323	homeland_ad_november_news_2026	462	asia_correspondent_khalifa_daily_2025	0.9757984056798531
493	al_empowerment_watan_newspaper_committee	[161, 168, 269]	480	al_empowerment_watan_newspaper_committee	269	endeavors_succeed_collaborators_brought_ireland	0.9728012990723802
492	peace_parties_agreement_ceasefire_truce	[35, 91, 160, 169, 191, 233, 275]	430	peace_parties_agreement_ceasefire_war	423	negotiation_agreement_parties_america_negotiating	0.9727375647413221
491	did_love_father_mother_know	[47, 64, 74, 118, 149, 177, 192, 253]	412	waiting_answer_understand_did_come	484	love_father_did_mother_bird	0.9663657715418815
490	god_oh_victory_lord_blessings	[13, 49, 63, 80, 136, 170]	136	win_strength_god_prevail_gods	369	god_oh_victory_lord_blessings	0.9661751599404826
489	revolution_party_freedom_change_political	[16, 23, 36, 68, 138, 166, 256]	436	party_legislative_hamdok_elections_political	382	revolution_freedom_revolutionary_coup_change	0.9649093784291326
488	inquiries_249918984706_orders_whatsapp_best	[164, 175, 207]	461	notification_bank_donate_karama_payment	164	inquiries_249918984706_orders_delivery_best	0.9561298126601375
487	whatsapp_facebook_id_channel_cemetery	[190, 203, 224, 231, 287]	471	facebook_whatsapp_id_channel_follow	458	cemetery_gengueid_net_radio_read	0.956000582095957
486	artist_al_artists_abdul_tayeb	[55, 77, 144, 255]	451	artist_artists_film_al_singing	452	al_tayeb_abdul_damazin_bilal	0.955628138016925
485	headlines_newspapers_ad_issued_newspaper	[57, 62, 85, 154, 220, 258, 274]	340	milk_preparation_monitoring_newspapers_2017	364	headlines_newspapers_ad_newspaper_issued	0.9551326515985712
484	love_father_did_mother_bird	[64, 118, 149, 177, 192, 253]	411	love_mother_father_journey_children	479	bird_al_discover_birds_did	0.9539275288094787
483	honey_bet_strains_quality_laboratory	[113, 131, 133]	397	honey_bet_strains_quality_laboratory	131	sudandefense_httpstmedefenssuda_spokesperson_httpstmedefenssudan_office	0.9441504698730969
482	forest_locality_services_forests_homeless	[158, 277, 281]	421	services_locality_homeless_social_welfare	277	forest_forests_forestry_trees_museum	0.9313016192723991
481	estate_housing_rent_real_apartment	[82, 87, 117, 183]	357	estate_housing_real_rent_apartment	442	workers_labor_expatriate_expatriates_job	0.9308290487018456
480	al_empowerment_watan_newspaper_committee	[161, 168]	168	newspaper_alwatan_alyoum_alintibaha_akhbar	161	empowerment_committee_professionals_removal_association	0.9307279980987055
479	bird_al_discover_birds_did	[149, 177, 253]	464	al_discover_republican_palace_history	149	bird_birds_norway_sheep_cows	0.9256268742492224
478	court_bashir_criminal_justice_al	[38, 72, 84, 143, 278]	409	bashir_al_deposed_court_hand	368	court_criminal_justice_prosecutor_crimes	0.925535579085837
477	bank_dollar_exchange_banks_pound	[30, 43, 60, 88, 115, 150, 221]	374	bank_dollar_exchange_banks_pound	431	finance_economic_budget_debts_bank	0.9251374732663228
476	bodies_morgue_pregnant_forensic_honey	[259, 262, 264]	262	morgue_forensic_bodies_unidentified_deceased	453	pregnant_honey_children_mothers_nutritional	0.9245765595350265
475	police_trafficking_security_human_drugs	[29, 33, 45, 46, 196]	408	trafficking_human_drug_smuggling_drugs	402	police_security_crime_khartoum_phenomena	0.9242470341013984
474	army_al_armed_forces_war	[22, 37, 90, 100, 129, 232, 279]	427	war_reading_internal_citizen_betrayed	456	army_al_armed_forces_victory	0.9192090359600937
473	antiquities_archaeological_heritage_cultural_culture	[217, 245]	245	kilograms_meat_lentils_food_dates	217	antiquities_archaeological_heritage_discovery_cultural	0.9103702691442256
472	insurance_jazeera_al_health_project	[139, 239]	139	insurance_health_cost_financing_services	239	jazeera_project_al_aljazeera_sky	0.9084212203886852
471	facebook_whatsapp_id_channel_follow	[190, 231, 287]	287	maximum_age_30_reliable_coverage	346	facebook_id_whatsapp_channel_message249	0.9083652610837694
470	electricity_water_station_road_maintenance	[51, 79, 155]	155	road_roads_asphalt_maintenance_rehabilitation	398	electricity_water_station_stations_energy	0.9079676353051883
469	african_union_sanctions_european_unamid	[48, 66, 159, 182, 208, 230]	420	sanctions_unamid_mission_security_council	441	african_union_european_continent_london	0.9020979350327377
468	al_island_villages_sennar_battle	[157, 184, 238, 247]	457	island_village_al_beloved_villages	416	sennar_al_nile_battle_white	0.9000090365503098
467	courses_study_english_jobs_interested	[135, 171, 268, 276, 283, 286]	425	courses_english_study_language_academy	395	jobs_courses_study_interested_organizations	0.8997824936516056
466	egypt_deportation_voluntary_immigration_deported	[39, 81, 147, 242]	379	egypt_voluntary_return_embassy_egyptian	363	illegal_foreigners_immigration_immigrants_deportation	0.894873623191243
465	customs_cars_car_goods_smuggling	[59, 225, 246]	407	customs_smuggling_import_cars_goods	225	motorcycles_vehicles_traffic_highlighting_documents	0.8907527610550604
464	al_discover_republican_palace_history	[177, 253]	177	republican_palace_civilization_history_ii	253	discover_discovered_ibn_friend_did	0.8893691767196026
463	hajj_pilgrims_umrah_al_holy	[86, 106, 126, 206]	399	al_mosques_holy_religious_mahdi	126	hajj_umrah_pilgrims_ah_endowments	0.8892714447072076
462	asia_correspondent_khalifa_daily_2025	[195, 212]	195	source_omdurman_informing_ad_2025	212	correspondent_asia_alkhalifa_daily_axis	0.8810529525175578
461	notification_bank_donate_karama_payment	[175, 207]	207	notification_donate_karama_contribute_want	175	payment_transactions_account_bank_request	0.8780160583848975
460	israel_israeli_palestinian_al_trump	[4, 8, 102]	386	israel_israeli_palestinian_al_iran	102	trump_biden_trumps_congress_republican	0.8775886511401657
459	health_hospital_medical_patients_center	[65, 83, 111, 167, 213]	377	health_hospital_medical_al_center	418	kidney_dialysis_patients_hospital_center	0.8666255408336543
458	cemetery_gengueid_net_radio_read	[203, 224]	203	cemetery_gengueid_khartoumal_read_details	224	radio_television_broadcasting_channel_channels	0.8661272002607475
457	island_village_al_beloved_villages	[238, 247]	247	island_beloved_islands_villages_traitors	238	village_almanaqil_joy_sons_learned	0.8637965870140899
456	army_al_armed_forces_victory	[22, 37, 90, 100, 232]	413	army_al_armed_forces_victory	232	barrier_lions_invaders_stood_heroes	0.8635322235718882
455	homes_fires_houses_property_looted	[140, 234, 251]	251	displacement_occupied_longer_slightest_regulation	429	fires_property_houses_homes_broke	0.8624686359359337
454	prison_imprisonment_accused_hanging_sentence	[193, 236, 243]	371	imprisonment_accused_prison_hanging_sentence	243	detainees_prison_detention_prisons_release	0.8624405972282789
453	pregnant_honey_children_mothers_nutritional	[259, 264]	264	injured_drowned_bodies_victims_children	259	pregnant_honey_mothers_nutritional_guide	0.8610839498297527
452	al_tayeb_abdul_damazin_bilal	[55, 255]	55	damazin_abdul_al_hassan_muhammad	255	elected_almirghani_hamdok_congratulates_prime	0.8527362782995335
451	artist_artists_film_al_singing	[77, 144]	144	film_series_shown_theater_experience	77	artist_artists_singing_art_ask	0.8433108449217668
450	networks_starlink_communications_internet_telecommunications	[56, 188, 210]	188	information_law_communications_draft_security	350	starlink_networks_internet_telecommunications_communications	0.8416668488162334
449	chief_commander_sovereignty_armed_lieutenant	[96, 107, 178, 186, 261]	385	chief_command_armed_commander_officers	422	chief_commander_sovereignty_burhan_lieutenant	0.8397045979006886
448	scene_link_telegram_join_sudanese	[61, 130, 176, 194, 272]	272	latest_application_httpstmesdnewsnetwork_link_follow	334	scene_link_telegram_join_sudanese	0.8351638807424546
447	operational_gandhi_calm_al_neighborhood	[162, 211]	162	calm_neighborhood_normal_witnessed_houses	211	operational_gandhi_followup_gender_monitoring	0.8330573591239699
446	service_intelligence_ministries_khartoum_civil	[58, 202, 209]	209	intelligence_service_sleeper_cells_general	383	ministries_service_civil_khartoum_appointment	0.8301763701034773
445	terrorist_terrorism_list_militia_gangs	[78, 127, 145]	365	terrorist_militia_gangs_city_artillery	145	list_terrorism_terrorist_sponsoring_instability	0.8291490124948185
444	vehicles_enemy_losses_combat_armored	[76, 92, 110, 181]	400	vehicles_enemy_armored_combat_equipment	110	drones_missiles_drone_losses_air	0.8289379889272338
443	al_burhan_newspaper_sudani_hilal	[3, 5, 20, 54, 98, 120]	3	almerreikh_alhilal_sports_stadium_league	366	al_burhan_newspaper_sudani_headlines	0.8218328213649967
442	workers_labor_expatriate_expatriates_job	[87, 183]	183	expatriates_expatriate_home_tell_taught	87	workers_labor_employees_salaries_unemployment	0.8213803841786758
441	african_union_european_continent_london	[48, 182, 230]	372	african_union_continent_president_membership	230	demonstration_london_british_gathering_honorable	0.8187388862467753
440	humanitarian_aid_food_famine_million	[2, 108, 271]	331	humanitarian_aid_food_famine_million	271	crossing_adre_border_visas_open	0.8180042621215846
439	pounds_agricultural_price_kilo_prices	[11, 93, 151]	343	pounds_agricultural_kilo_price_season	93	pharmaceutical_medicines_strip_medicine_pharmacies	0.8160799654193359
438	migrants_libya_libyan_haftar_illegal	[112, 114, 116, 152]	116	haftar_libyan_libya_khalifa_tripoli	401	migrants_libya_libyan_migration_illegal	0.8105681392286374
437	refugees_refugee_unhcr_commissioner_chad	[25, 109, 189, 228]	189	uganda_ugandan_kampala_refugees_camp	410	refugees_unhcr_commissioner_refugee_chad	0.8091688259913589
436	party_legislative_hamdok_elections_political	[16, 23, 138, 256]	256	umma_party_rebuilding_national_kasla	336	party_legislative_hamdok_elections_political	0.8069402284828063
435	education_students_exams_school_certificate	[1, 26, 95, 101, 163]	391	students_education_exams_school_certificate	333	kordofan_west_corporation_television_radio	0.8054075023544248
434	cholera_cases_doctors_health_medical	[7, 21, 122, 123, 282]	381	cholera_cases_health_doctors_medical	311	doctors_network_injured_hospital_dead	0.8046667820680918
433	floods_rains_rain_torrential_torrents	[34, 216, 235]	308	floods_rains_torrential_torrents_rain	235	meteorology_varying_rains_rain_rainfall	0.8013216706899682
432	airport_flights_airlines_flight_aviation	[31, 222]	222	tourism_travel_tourist_istanbul_travelers	31	airport_flights_airlines_flight_aviation	0.798075564182451
431	finance_economic_budget_debts_bank	[60, 88, 150, 221]	361	budget_finance_economic_revenues_spending	384	debts_bank_debt_economic_finance	0.7948584115035446
430	peace_parties_agreement_ceasefire_war	[35, 91, 160, 233, 275]	275	uae_jeddah_stop_parties_achieved	378	peace_agreement_parties_ceasefire_truce	0.7944800930336856
429	fires_property_houses_homes_broke	[140, 234]	140	looted_looting_property_shops_homes	234	fires_broke_massive_houses_camp	0.7939925155789375
428	darfur_arko_minawi_minni_al	[132, 200, 229]	347	darfur_arko_minawi_minni_al	229	mercenary_darfur_deceive_arko_blood	0.7923525490402816
427	war_reading_internal_citizen_betrayed	[129, 279]	279	reading_war_internal_planning_colonialism	129	war_citizen_betrayed_partys_army	0.7910756210353737
426	sit_al_demonstrators_demonstrations_protesters	[105, 134, 141, 172]	414	al_burhan_movement_islamic_mahdi	388	sit_demonstrators_demonstrations_protesters_protests	0.7892747571309223
425	courses_english_study_language_academy	[268, 276, 283]	276	english_language_luck_benefit_hoping	292	courses_english_study_language_academy	0.7889249167220383
424	karry_channel_language_study_interact	[198, 214, 226, 284]	351	karry_channel_interact_compulsory_share	198	study_httpstmekraray224466_karari_german_actual	0.7880498044249405
423	negotiation_agreement_parties_america_negotiating	[169, 191]	191	agreement_affirming_communitys_observer_parties	169	interests_america_americans_negotiation_quartet	0.7866463803124162
422	chief_commander_sovereignty_burhan_lieutenant	[107, 178, 186]	373	chief_commander_sovereignty_burhan_lieutenant	186	rukn_lieutenant_commander_general_major	0.7863289448658514
421	services_locality_homeless_social_welfare	[158, 281]	158	homeless_services_social_welfare_shelter	281	locality_shall_hands_executive_kurmuk	0.7801506270482301
420	sanctions_unamid_mission_security_council	[66, 159, 208]	208	sanctions_european_union_imposed_companies	352	unamid_mission_sanctions_security_council	0.7794533801576613
419	traitor_traitors_homeland_hands_homelands	[254, 273]	273	traitors_traitor_deception_mouth_punish	254	homeland_traitor_homelands_hands_traitors	0.7780525985515108
418	kidney_dialysis_patients_hospital_center	[111, 213]	111	dialysis_kidney_patients_liver_center	213	elderly_sick_hospital_treatment_care	0.7689387562028046
417	uae_emirates_dhabi_emirati_involvement	[197, 237, 263, 280]	263	uae_emirates_gulf_dubai_emirati	380	uae_emirates_dhabi_involvement_evidence	0.767387984330786
416	sennar_al_nile_battle_white	[157, 184]	157	sennar_battle_regiment_placed_sinja	184	nile_white_located_cairo_sennar	0.7632630857051697
415	women_rights_sexual_violence_rape	[10, 18, 42, 244, 267]	10	women_sexual_violence_rape_girls	405	rights_human_crimes_civilians_international	0.7606841235523335
414	al_burhan_movement_islamic_mahdi	[141, 172]	172	islamic_movement_almahdi_religious_sheikh	141	appointed_empowerment_kizan_taqaddam_advisors	0.7596611324496634
413	army_al_armed_forces_victory	[22, 37, 90, 100]	100	soldiers_army_morale_victory_salute	389	al_army_armed_forces_battle	0.7595058242492967
412	waiting_answer_understand_did_come	[47, 74]	47	waiting_answer_zero_think_happened	74	dont_come_didnt_personally_play	0.7487154290658893
411	love_mother_father_journey_children	[64, 118, 192]	404	mother_love_journey_family_children	64	father_love_sudanese_battle_history	0.7439284283901999
410	refugees_unhcr_commissioner_refugee_chad	[25, 109, 228]	338	refugees_commissioner_chad_refugee_high	228	unhcr_resettlement_refugees_mouth_refugee	0.7398556521226386
409	bashir_al_deposed_court_hand	[143, 278]	278	albashir_bank_gold_liquidity_banks	143	albashir_albashirs_court_deposed_difference	0.7292817178714062
408	trafficking_human_drug_smuggling_drugs	[45, 46]	46	trafficking_human_smuggling_victims_gang	45	drugs_drug_pills_seized_smuggling	0.7289543408663324
407	customs_smuggling_import_cars_goods	[59, 246]	59	customs_goods_smuggling_luggage_crossings	246	car_cars_import_controls_expatriates	0.724385763368229
406	whatsapp_channel_follow_telegram_correspondent	[50, 125, 128, 146, 204, 285]	125	httpstmesudannm_httpswhatsappcomchannel0029vae7l5t11ulpotfega1s_correspondent_follow_whatsapp	319	whatsapp_channel_follow_telegram_sudan	0.7234818046849449
405	rights_human_crimes_civilians_international	[18, 42, 244, 267]	42	rights_human_factfinding_mission_commission	390	crimes_genocide_civilians_international_law	0.7178752708242636
404	mother_love_journey_family_children	[118, 192]	192	journey_woman_tells_story_years	118	love_mother_son_know_husband	0.7101752243844355
403	foreign_egyptian_ambassador_relations_affairs	[19, 73, 89, 187]	360	egyptian_foreign_ambassador_burhan_egypt	89	chinese_foreign_countries_affairs_bilateral	0.7092491216945934
402	police_security_crime_khartoum_phenomena	[29, 33, 196]	315	police_security_crime_khartoum_committee	196	investigation_police_theft_criminal_department	0.7063678709921378
401	migrants_libya_libyan_migration_illegal	[112, 114, 152]	353	migrants_libya_libyan_coast_illegal	114	migration_organization_migrants_international_million	0.7035930267626354
400	vehicles_enemy_armored_combat_equipment	[76, 92, 181]	92	enemy_mercenaries_shield_remnants_infiltrating	345	vehicles_enemy_armored_combat_equipment	0.7020070675876836
399	al_mosques_holy_religious_mahdi	[86, 106, 206]	206	quran_holy_mosques_imams_preachers	367	al_religious_mahdi_mosque_sadiq	0.7019916262928854
398	electricity_water_station_stations_energy	[51, 79]	79	water_station_wells_meters_stations	51	electricity_station_energy_electrical_power	0.6980876503677145
397	honey_bet_strains_quality_laboratory	[113, 133]	113	honey_strains_wild_best_africa	133	testing_careful_bet_quality_laboratory	0.697850845661432
396	scholarship_admission_apply_university_luck	[173, 257]	257	admission_receiving_final_completion_secure	173	scholarship_admission_apply_university_luck	0.6945850890501677
395	jobs_courses_study_interested_organizations	[135, 171, 286]	356	courses_jobs_study_interested_category	135	climate_message249_jobs_httpstmealrisala249_battleofdignity	0.694319632571219
394	al_arabs_diaspora_janjaweed_burhan	[103, 265]	103	diaspora_alfasher_write_arabs_janjaweed	265	arabs_diaspora_rizeigat_desert_certain	0.6930363298033235
393	al_rapid_fasher_el_city	[0, 9, 12, 27, 185, 260]	260	qatina_militia_stormed_villages_neighborhoods	354	al_rapid_fasher_el_city	0.689526143671449
392	speedy_recovery_martyrs_mercy_wounded	[75, 104]	104	muslims_badr_victory_bin_speedy	75	speedy_recovery_martyrs_mercy_wounded	0.6876372759467246
391	students_education_exams_school_certificate	[1, 26, 163]	1	students_education_exams_school_certificate	307	blue_nile_governor_northern_kordofan	0.6865082958848722
390	crimes_genocide_civilians_international_law	[18, 244, 267]	324	crimes_genocide_civilians_law_international	267	militia_alharith_civilians_rapid_weapons	0.6851424742407922
389	al_army_armed_forces_battle	[22, 37, 90]	355	al_army_struggle_battle_victory	90	pardon_reporting_armed_renew_rebellion	0.6849688421963086
388	sit_demonstrators_demonstrations_protesters_protests	[105, 134]	105	demonstrations_demonstrators_protesters_ministries_protests	134	sitin_demonstrators_dispersal_dispersing_protesters	0.6819408921502841
387	al_displaced_food_baskets_families	[17, 24, 52, 240]	376	al_displaced_food_families_baskets	240	alleviate_dabba_displaced_shelters_improve	0.67981162045784
386	israel_israeli_palestinian_al_iran	[4, 8]	8	israel_israeli_palestinian_gaza_normalization	4	iran_saudi_qatari_arabia_qatar	0.677779777191136
385	chief_command_armed_commander_officers	[96, 261]	261	honorable_officers_noncommissioned_division_forces	96	command_sat_chief_summary_armed	0.6765233993539737
384	debts_bank_debt_economic_finance	[88, 150]	88	debts_bank_debt_economic_finance	150	investment_economy_companies_economic_sector	0.6764475598566615
383	ministries_service_civil_khartoum_appointment	[58, 202]	58	ministries_khartoum_appointment_kamel_governor	202	service_civil_commission_selection_employees	0.6741667125361512
382	revolution_freedom_revolutionary_coup_change	[36, 68, 166]	342	revolution_freedom_revolutionary_regime_change	166	coup_freedom_change_revolutionary_plotters	0.6704575006069288
381	cholera_cases_health_doctors_medical	[7, 21, 122]	7	cholera_cases_fever_dengue_epidemic	326	doctors_medical_health_borders_patients	0.669819830250154
380	uae_emirates_dhabi_involvement_evidence	[197, 237, 280]	348	uae_emirates_dhabi_involvement_evidence	237	uae_image_terrorist_crimes_uaes	0.653039295814443
379	egypt_voluntary_return_embassy_egyptian	[39, 147]	147	voluntary_returnees_return_deported_deterioration	39	egypt_voluntary_embassy_egyptian_stranded	0.6456927209398773
378	peace_agreement_parties_ceasefire_truce	[35, 91, 160, 233]	233	war_jeddah_stop_end_conflict	341	peace_agreement_parties_truce_juba	0.6444687280635872
377	health_hospital_medical_al_center	[65, 83, 167]	167	health_haitham_dr_competence_ministry	321	health_hospital_medical_center_doctors	0.6430690271372664
376	al_displaced_food_families_baskets	[17, 24, 52]	339	al_displaced_village_families_shelter	17	baskets_food_charity_crescent_families	0.6427240223203349
375	gold_mining_mineral_company_resources	[40, 249]	40	mining_gold_mineral_company_resources	249	gold_kilos_arrested_girl_arqin	0.6426961050941815
374	bank_dollar_exchange_banks_pound	[30, 43, 115]	115	titles_incidents_economic_black_dollar	299	bank_exchange_dollar_banks_pound	0.6393906050328697
373	chief_commander_sovereignty_burhan_lieutenant	[107, 178]	178	commanderinchief_armed_flag_excellency_incubator	107	sovereignty_commanderinchief_lieutenant_council_overall	0.639381588799453
372	african_union_continent_president_membership	[48, 182]	48	african_union_continent_membership_president	182	british_britain_london_european_constructive	0.6377130860218321
371	imprisonment_accused_prison_hanging_sentence	[193, 236]	236	hanging_execution_accused_sentence_imprisonment	193	imprisonment_prison_sentence_accused_death	0.6243737871439006
370	required_officer_assistant_degree_bachelor	[15, 241]	15	required_degree_officer_vacant_assistant	241	driver_license_driving_drivers_required	0.6218083134985761
369	god_oh_victory_lord_blessings	[13, 49, 63, 80, 170]	330	god_victory_conquest_battle_near	320	god_oh_blessings_lord_bless	0.6132322390255002
368	court_criminal_justice_prosecutor_crimes	[38, 72, 84]	344	court_criminal_justice_genocide_crimes	84	court_accused_prosecution_case_ruling	0.6107626329931604
367	al_religious_mahdi_mosque_sadiq	[86, 106]	86	religious_church_mosque_mosques_values	106	almahdi_pilgrims_imam_prayers_eid	0.6082989285098951
366	al_burhan_newspaper_sudani_headlines	[5, 20, 54, 98, 120]	313	al_meets_burhan_minister_governor	332	al_newspaper_sudani_burhan_headlines	0.603784883599507
365	terrorist_militia_gangs_city_artillery	[78, 127]	127	terrorist_gangs_city_militia_artillery	78	terrorist_terrorism_crimes_extremist_classify	0.6019692652307007
364	headlines_newspapers_ad_newspaper_issued	[57, 62, 85, 154, 220]	337	headlines_newspapers_newspaper_ad_issued	57	ad_todays_news_headlines_2024	0.6014752406779056
363	illegal_foreigners_immigration_immigrants_deportation	[81, 242]	81	foreigners_immigration_immigrants_citizenship_deportation	242	illegal_immigration_combat_immigrants_transient	0.5986459340927099
362	facebook_distress_evident_share_strength	[215, 219]	219	popularresistance_sudanesearmedforces_evident_distress_strength	215	sudanesearmedforces_69_sudantoday_facebook_onearmyonepeople	0.5946558946448743
361	budget_finance_economic_revenues_spending	[60, 221]	221	budget_heba_revenues_economic_finance	60	budget_finance_spending_taxes_economic	0.5838580343216186
360	egyptian_foreign_ambassador_burhan_egypt	[19, 73, 187]	187	egyptian_alsisi_fattah_cairo_president	309	foreign_egyptian_ambassador_egypt_burhan	0.5796357942314188
359	weather_temperatures_hot_slight_meteorology	[67, 121, 137]	304	weather_hot_temperatures_moderate_facebook	121	temperatures_meteorology_slight_maximum_decrease	0.5793628607796959
358	transportation_buses_tariffs_railway_traffic	[153, 180]	153	transportation_railway_tariffs_buses_proposal	180	traffic_buses_transportation_bus_vehicles	0.5697343527282335
357	estate_housing_real_rent_apartment	[82, 117]	117	estate_real_housing_apartment_apartments	82	rent_house_housing_rents_planning	0.5694466510391819
356	courses_jobs_study_interested_category	[171, 286]	171	jobs_scholarship_opportunity_professors_contains	286	jobs_interested_organizations_contains_channel	0.5693316536332491
355	al_army_struggle_battle_victory	[22, 37]	37	rebel_al_withdrawal_militia_islamists	22	struggle_victory_battle_army_armed	0.5660577534276829
354	al_rapid_fasher_el_city	[0, 9, 12, 27, 185]	329	al_village_villages_militia_civilians	302	al_rapid_fasher_el_army	0.5647375916551429
353	migrants_libya_libyan_coast_illegal	[112, 152]	152	migrants_coast_boat_mediterranean_tunisian	112	libya_immigrants_libyan_illegal_migrants	0.5617054643784937
352	unamid_mission_sanctions_security_council	[66, 159]	66	sanctions_security_council_united_nations	159	unamid_mission_security_unitams_resolution	0.5613042639430221
351	karry_channel_interact_compulsory_share	[214, 226, 284]	226	interact_compulsory_karry_httpstmekraray224466_language	298	karry_channel_share_telegram_book	0.558945156660833
350	starlink_networks_internet_telecommunications_communications	[56, 210]	210	digital_communications_transformation_telecommunications_internet	56	networks_starlink_communication_devices_internet	0.5573983940222205
349	infantry_division_brigade_commander_6th	[248, 266]	266	division_brigade_infantry_graduation_entertainment	248	infantry_division_22nd_brigade_sixth	0.5471499768304151
348	uae_emirates_dhabi_involvement_evidence	[197, 280]	280	uae_emirates_dhabi_relations_jordanian	197	uae_emirates_uaes_involvement_chad	0.5466864799335015
347	darfur_arko_minawi_minni_al	[132, 200]	200	liberation_movement_arko_minni_movements	132	darfur_arko_minni_minawi_governor	0.5457963205106243
346	facebook_id_whatsapp_channel_message249	[190, 231]	231	khartoumjanjaweedcemetery_battleofdignity_httpstmealrisala249_httpswwwfacebookcomprofilephpid61556457563338_message249	190	whatsapp_facebook_httpswwwfacebookcomprofilephpid61556457563338_httpstmealrisala249_httpstmekraray224466	0.5396544790177589
345	vehicles_enemy_armored_combat_equipment	[76, 181]	76	vehicles_armored_equipment_combat_losses	181	vehicles_enemy_destroyed_forces_rebel	0.5384447051247977
344	court_criminal_justice_genocide_crimes	[38, 72]	72	court_criminal_genocide_crimes_justice	38	court_corruption_prosecution_case_article	0.5323990605276638
343	pounds_agricultural_kilo_price_season	[11, 151]	11	agricultural_pounds_farmers_season_agriculture	151	pounds_price_kilo_prices_vegetables	0.5320476441686666
342	revolution_freedom_revolutionary_regime_change	[36, 68]	68	injustice_revolution_freedom_regime_democracy	36	revolution_revolutionary_glorious_freedom_december	0.5299198033405295
341	peace_agreement_parties_truce_juba	[35, 91, 160]	35	truce_ceasefire_parties_peace_conflict	327	peace_juba_agreement_negotiations_kiir	0.5258346154253135
340	milk_preparation_monitoring_newspapers_2017	[258, 274]	258	milk_sudannewsnetwork_2017_kilograms_preparation	274	preparation_monitoring_newspapers_2018_headlines	0.5251179507828037
339	al_displaced_village_families_shelter	[24, 52]	52	displaced_shelter_food_conditions_harsh	24	village_displaced_families_fasher_tawila	0.5243019447884165
338	refugees_commissioner_chad_refugee_high	[25, 109]	109	refugee_refugees_deport_delegation_administrative	25	refugees_chad_commissioner_high_unhcr	0.5181943573838363
337	headlines_newspapers_newspaper_ad_issued	[62, 85, 154, 220]	154	karari_headlines_channel_ad_2026	316	headlines_newspapers_newspaper_ad_morning	0.5097928523808786
336	party_legislative_hamdok_elections_political	[16, 23, 138]	322	party_legislative_elections_political_freedom	23	hamdok_party_communist_hamdoks_freedom	0.5083147986645238
335	guardians_righteous_glorious_forgiveness_mercy	[119, 223]	119	httpswhatsappcomchaannel0029vb2jdpaixnnnnnnnnnnnnpxuj5a1x_join_guardians_battleofdemocracy_scene	223	allowance_guardians_acceptable_battleofdemocracy_righteous	0.5047005573494008
334	scene_link_telegram_join_sudanese	[61, 130, 176, 194]	289	scene_link_telegram_sudanese_twitter	130	httpstmesdnewsnetlork_join_scene_link_telegram	0.4966653097662378
333	kordofan_west_corporation_television_radio	[95, 101]	101	corporation_television_radio_kordofan_west	95	kordofan_west_governor_north_south	0.49544320890351945
332	al_newspaper_sudani_burhan_headlines	[5, 54, 98]	54	headlines_army_news_alburhan_newspaper	310	al_newspaper_sudani_burhan_headlines	0.4705837377460082
331	humanitarian_aid_food_famine_million	[2, 108]	108	humanitarian_aid_agencies_organizations_relief	2	humanitarian_aid_food_famine_million	0.4700937618100113
330	god_victory_conquest_battle_near	[80, 170]	80	god_battle_victory_conquest_know	170	god_victory_conquest_valiant_grant	0.46152367627195
329	al_village_villages_militia_civilians	[9, 12, 185]	185	hillat_shouk_bombing_civilians_rebel	318	al_village_villages_militia_displacement	0.45669990702600366
328	journalists_media_press_professionals_female	[71, 97]	71	journalists_media_female_press_syndicate	97	media_press_journalists_professionals_workshop	0.45202303288084467
327	peace_juba_agreement_negotiations_kiir	[91, 160]	160	peace_negotiations_agreement_juba_parties	91	peace_juba_kiir_agreement_south	0.4448175795235565
326	doctors_medical_health_borders_patients	[21, 122]	21	doctors_medical_health_borders_room	122	medical_patients_medicines_room_treatment	0.43829517461733103
325	oil_fuel_gasoline_refinery_gas	[53, 94]	53	refinery_fuel_oil_energy_gasoline	94	oil_gasoline_fuel_prices_gas	0.43043393722609424
324	crimes_genocide_civilians_law_international	[18, 244]	244	crimes_genocide_committed_civilians_massacres	18	crimes_genocide_law_international_civilians	0.4230111696784584
323	homeland_ad_november_news_2026	[199, 205]	199	homeland_2026_ad_november_news	205	homeland_2025_november_ad_news	0.4185460160594324
322	party_legislative_elections_political_freedom	[16, 138]	138	party_elections_umma_political_congress	16	legislative_constitutional_elections_ministers_freedom	0.4034688282877239
321	health_hospital_medical_center_doctors	[65, 83]	83	health_hospital_medical_center_hospitals	65	health_hospital_doctors_medical_surgery	0.40267426788922334
320	god_oh_blessings_lord_bless	[13, 49, 63]	300	god_oh_protect_mercy_blessings	49	god_bless_messenger_grant_prophet	0.3990257637054252
319	whatsapp_channel_follow_telegram_sudan	[50, 128, 146, 204, 285]	301	whatsapp_channel_follow_telegram_sudan	285	channel_telegram_follow_sudan_httpstmesudaaan	0.37091920294997377
318	al_village_villages_militia_displacement	[9, 12]	9	village_villages_militia_aljazeera_rapid	12	civilians_homes_displacement_looting_women	0.36194298944125436
317	saqwl_coverage_spokesperson_fees_office	[41, 99, 148]	148	httpstmesaqwl_coverage_fees_determined_noted	290	saqwl_spokesperson_office_watch_official	0.36017862977957393
316	headlines_newspapers_newspaper_ad_morning	[62, 85, 220]	296	headlines_newspapers_newspaper_ad_morning	220	headlines_2020_todays_political_2019	0.3593134606883386
315	police_security_crime_khartoum_committee	[29, 33]	29	police_security_khartoum_crime_committee	33	police_security_crime_intelligence_services	0.35656875422793155
314	chadian_chad_mohamed_border_president	[124, 270]	124	chadian_chad_border_regimes_territory	270	chadian_chad_ndjamena_mohamed_president	0.3488579061411603
313	al_meets_burhan_minister_governor	[20, 120]	120	albashir_meets_unamid_minister_jaber	20	meets_governor_minister_confirms_health	0.3464257331477324
312	zakat_bureau_meat_office_diwan	[218, 250]	218	zakat_bureau_expatriates_trustees_collection	250	zakat_bureau_meat_office_bags	0.34151094399607107
311	doctors_network_injured_hospital_dead	[123, 282]	123	doctors_network_injured_killed_result	282	dead_doctors_hospital_wounded_khater	0.340965534260372
310	al_newspaper_sudani_burhan_headlines	[5, 98]	5	newspaper_headlines_newspapers_alintibaha_political	98	ethiopian_newspaper_renaissance_ethiopia_dam	0.33189838679813355
309	foreign_egyptian_ambassador_egypt_burhan	[19, 73]	19	foreign_ambassador_affairs_relations_egyptian	73	egyptian_egypt_egypts_foreign_brotherly	0.3222683636052094
308	floods_rains_torrential_torrents_rain	[34, 216]	216	floods_rain_torrential_torrents_damage	34	floods_rains_torrential_torrents_rain	0.320408580569123
307	blue_nile_governor_northern_kordofan	[26, 163]	163	health_insurance_governor_locality_kordofan	26	blue_nile_governor_northern_north	0.3183362076741093
306	dam_renaissance_ethiopia_water_dams	[201, 227]	227	dam_renaissance_water_dams_ethiopia	201	dam_renaissance_filling_reservations_ethiopia	0.3095599500365088
305	ethiopian_ethiopia_tigray_border_addis	[6, 28]	6	ethiopian_ethiopia_border_tigray_addis	28	ethiopian_refugees_ethiopia_tigray_forests	0.3003293867184206
304	weather_hot_temperatures_moderate_facebook	[67, 137]	67	weather_moderate_temperatures_meteorology_hot	137	weather_hot_temperatures_todays_slight	0.28818401158464
303	watan_2025_news_al_ad	[142, 156]	156	watan_nasr_2025_ad_news	142	watan_2025_news_al_august	0.2867429658452828
302	al_rapid_fasher_el_army	[0, 27]	0	rapid_fasher_el_army_artillery	27	fasher_city_area_el_forces	0.27106813647532757
301	whatsapp_channel_follow_telegram_sudan	[50, 128, 146, 204]	293	whatsapp_channel_follow_telegram_sudan	297	channel_whatsapp_follow_telegram_sudan	0.26503967773725207
300	god_oh_protect_mercy_blessings	[13, 63]	63	god_oh_protect_mighty_victory	13	god_oh_lord_ask_willing	0.2645871702697363
299	bank_exchange_dollar_banks_pound	[30, 43]	30	bank_banks_exchange_dollar_pound	43	dollar_exchange_rate_inflation_currency	0.24078656033049828
298	karry_channel_share_telegram_book	[214, 284]	284	karry_httpstmekraray224466_share_channel_telegram	214	httpstmekraray224466_channel_karry_net_repeat	0.2398025714519897
297	channel_whatsapp_follow_telegram_sudan	[128, 204]	128	httpstmesudaaan_httpswhatsappcomchaannel0029vb2jdpaixnnnnnnnnnnnnnpxuj5a1x_channel_follow_whatsapp	204	httpstmesudaaan_channel_follow_telegram_sudan	0.2136554383416005
296	headlines_newspapers_newspaper_ad_morning	[62, 85]	62	headlines_newspapers_newspaper_2022_ad	85	newspapers_headlines_political_morning_ad	0.20695708613896435
295	corona_cases_virus_coronavirus_suspected	[14, 44]	44	corona_cases_infections_suspected_virus	14	corona_coronavirus_virus_cases_pandemic	0.19820937049560572
294	passports_passport_immigration_administration_foreigners	[32, 70]	32	passports_passport_immigration_foreigners_police	70	passports_immigration_passport_administration_registry	0.19561740059959554
293	whatsapp_channel_follow_telegram_sudan	[50, 146]	146	httpswhatsappcomchannel0029vapgy3o7dmecjcizwq2x_channel_httpstmesudaaan_follow_whatsapp	50	follow_httpstmesudaaan_channel_whatsapp_telegram	0.15555957191580616
292	courses_english_study_language_academy	[268, 283]	283	english_language_courses_interested_jobs	268	english_academy_courses_networking_training	0.15452978552156493
291	summary_best_news_start_2021	[165, 174]	174	summary_news_best_start_ad	165	summary_best_news_start_alwatan	0.14032808333894908
290	saqwl_spokesperson_office_watch_official	[41, 99]	99	httpstmesaqwl____	41	httpstmesaqwl_spokesperson_office_watch_khartoumjanjaweedcemetery	0.05291603769509967
289	scene_link_telegram_sudanese_twitter	[61, 176, 194]	288	scene_link_telegram_sudanese_facebook	176	join_scene_httpstmesdnewsnetwork_link_telegram	0.001017174485746434
288	scene_link_telegram_sudanese_facebook	[61, 194]	194	join_scene_httpstmesdnewsnetwork_link_telegram	61	join_scene_httpstmesdnewsnetwork_link_telegram	0.0002520267951634514
