topic_id	display_label	raw_name	keywords	chunk_count	label_status
0	Conflict in El Fasher and North Darfur	0_rapid_fasher_el_army	['rapid', 'fasher', 'el', 'army', 'artillery', 'forces', 'city', 'tribune', 'camp', 'killed', 'darfur', 'north']	2403	reviewed
1	Education, schools and examinations	1_students_education_exams_school	['students', 'education', 'exams', 'school', 'certificate', 'schools', 'university', 'teachers', 'secondary', 'educational', 'student', 'universities']	2323	reviewed
2	Humanitarian aid, food insecurity and famine	2_humanitarian_aid_food_famine	['humanitarian', 'aid', 'food', 'famine', 'million', 'nations', 'united', 'hunger', 'children', 'malnutrition', 'relief', 'unicef']	1227	reviewed
3	Football and Sudanese sports	3_almerreikh_alhilal_sports_stadium	['almerreikh', 'alhilal', 'sports', 'stadium', 'league', 'hilal', 'cup', 'football', 'team', 'match', 'defeats', 'mars']	931	reviewed
4	Gulf, Iran and regional affairs	4_iran_saudi_qatari_arabia	['iran', 'saudi', 'qatari', 'arabia', 'qatar', 'iranian', 'yemen', 'syria', 'bin', 'yemeni', 'highness', 'prince']	705	reviewed
5	Newspaper headlines and media round-ups	5_newspaper_headlines_newspapers_alintibaha	['newspaper', 'headlines', 'newspapers', 'alintibaha', 'political', 'alsudani', 'akhbar', 'alwatan', 'alsayha', 'alyoum', 'prominent', 'ad']	605	reviewed
6	Ethiopia, Tigray and the border	6_ethiopian_ethiopia_border_tigray	['ethiopian', 'ethiopia', 'border', 'tigray', 'addis', 'ababa', 'eritrea', 'eritrean', 'alqalabat', 'abiy', 'crossing', 'region']	604	reviewed
7	Cholera, dengue and disease outbreaks	7_cholera_cases_fever_dengue	['cholera', 'cases', 'fever', 'dengue', 'epidemic', 'deaths', 'recorded', 'disease', 'health', 'malaria', 'measles', 'spread']	573	reviewed
8	Israel, Gaza and Palestine	8_israel_israeli_palestinian_gaza	['israel', 'israeli', 'palestinian', 'gaza', 'normalization', 'palestine', 'jews', 'strip', 'trump', 'arab', 'entity', 'lebanon']	542	reviewed
9	Violence, displacement and civilian harm	9_village_villages_militia_aljazeera	['village', 'villages', 'militia', 'aljazeera', 'rapid', 'citizens', 'killed', 'abu', 'fasher', 'displacement', 'camp', 'civilians']	524	reviewed
10	Women’s rights and sexual violence	10_women_sexual_violence_rape	['women', 'sexual', 'violence', 'rape', 'girls', 'womens', 'cases', 'documented', 'raped', 'tribune', 'gender', 'exploitation']	496	reviewed
11	Agriculture, farmers and harvests	11_agricultural_pounds_farmers_season	['agricultural', 'pounds', 'farmers', 'season', 'agriculture', 'wheat', 'livestock', 'production', 'acres', 'bag', 'seeds', 'harvest']	495	reviewed
12	Displacement, looting and attacks on civilians	12_civilians_homes_displacement_looting	['civilians', 'homes', 'displacement', 'looting', 'women', 'property', 'neighborhoods', 'killing', 'led', 'villages', 'addition', 'bombing']	491	reviewed
13	Religious prayers and blessings	13_god_oh_lord_ask	['god', 'oh', 'lord', 'ask', 'willing', 'mercy', 'gods', 'blessings', 'good', 'reward', 'praise', 'bless']	483	reviewed
14	COVID-19 pandemic	14_corona_coronavirus_virus_cases	['corona', 'coronavirus', 'virus', 'cases', 'pandemic', 'suspected', 'health', 'infected', 'infection', 'infections', 'confront', 'deaths']	472	reviewed
15	Jobs, vacancies and recruitment	15_required_degree_officer_vacant	['required', 'degree', 'officer', 'vacant', 'assistant', 'related', 'port', 'monthly', 'management', 'field', 'vacancies', 'salary']	465	reviewed
16	Constitution, elections and political transition	16_legislative_constitutional_elections_ministers	['legislative', 'constitutional', 'elections', 'ministers', 'freedom', 'party', 'political', 'change', 'democracy', 'transitional', 'government', 'congress']	451	reviewed
17	Food baskets and charitable assistance	17_baskets_food_charity_crescent	['baskets', 'food', 'charity', 'crescent', 'families', 'displaced', 'meals', 'red', 'distributes', 'initiative', 'qatar', 'charitable']	434	reviewed
18	War crimes, genocide and international law	18_crimes_genocide_law_international	['crimes', 'genocide', 'law', 'international', 'civilians', 'humanitarian', 'conventions', 'ethnic', 'violation', 'violations', 'committed', 'humanity']	411	reviewed
19	Foreign relations and diplomatic visits	19_foreign_ambassador_affairs_relations	['foreign', 'ambassador', 'affairs', 'relations', 'egyptian', 'countries', 'minister', 'president', 'egypt', 'bilateral', 'visit', 'brotherly']	407	reviewed
20	Meets · Governor · Minister · Confirms	20_meets_governor_minister_confirms	['meets', 'governor', 'minister', 'confirms', 'health', 'reviews', 'suna', 'receives', 'nile', 'agency', 'council', 'delegation']	404	needs_review
21	Health care, hospitals and medicines	21_doctors_medical_health_borders	['doctors', 'medical', 'health', 'borders', 'room', 'patients', 'emergency', 'medicines', 'humanitarian', 'hospitals', 'malnutrition', 'hospital']	384	reviewed
22	Armed struggle and military mobilisation	22_struggle_victory_battle_army	['struggle', 'victory', 'battle', 'army', 'armed', 'forces', 'popular', 'battleofdemocracy', 'liberation', 'martyrs', 'selfdefense', 'guardians']	380	reviewed
23	Hamdok, political parties and transition	23_hamdok_party_communist_hamdoks	['hamdok', 'party', 'communist', 'hamdoks', 'freedom', 'political', 'leader', 'prime', 'change', 'government', 'congress', 'revolutionary']	375	reviewed
24	Displacement camps in El Fasher and Tawila	24_village_displaced_families_fasher	['village', 'displaced', 'families', 'fasher', 'tawila', 'camp', 'el', 'camps', 'residents', 'city', 'villages', 'food']	352	reviewed
25	South Sudanese and Chadian refugees	25_refugees_chad_commissioner_high	['refugees', 'chad', 'commissioner', 'high', 'unhcr', 'nations', 'south', 'refugee', 'chadian', 'united', 'camps', 'million']	347	reviewed
26	Blue · Nile · Governor · Northern	26_blue_nile_governor_northern	['blue', 'nile', 'governor', 'northern', 'north', 'kordofan', 'locality', 'white', 'river', 'badi', 'reviews', 'launches']	339	needs_review
27	Military operations around El Fasher	27_fasher_city_area_el	['fasher', 'city', 'area', 'el', 'forces', 'axis', 'vehicles', 'army', 'militia', 'division', 'artillery', 'siege']	321	reviewed
28	Ethiopian refugees and Tigray displacement	28_ethiopian_refugees_ethiopia_tigray	['ethiopian', 'refugees', 'ethiopia', 'tigray', 'forests', 'refugee', 'ethiopians', 'ababa', 'addis', 'region', 'camp', 'camps']	319	reviewed
29	Khartoum policing and public security	29_police_security_khartoum_crime	['police', 'security', 'khartoum', 'crime', 'committee', 'phenomena', 'presence', 'interior', 'foreigners', 'director', 'hamza', 'cell']	318	reviewed
30	Banks, currency and exchange rates	30_bank_banks_exchange_dollar	['bank', 'banks', 'exchange', 'dollar', 'pound', 'rate', 'banking', 'currency', 'central', 'currencies', 'pounds', 'transfers']	302	reviewed
31	Aviation, airports and flights	31_airport_flights_airlines_flight	['airport', 'flights', 'airlines', 'flight', 'aviation', 'plane', 'airspace', 'stranded', 'badr', 'passenger', 'passengers', 'aircraft']	298	reviewed
32	Passports, visas and immigration procedures	32_passports_passport_immigration_foreigners	['passports', 'passport', 'immigration', 'foreigners', 'police', 'administration', 'visa', 'registry', 'procedures', 'documents', 'factory', 'general']	297	reviewed
33	Police · Security · Crime · Intelligence	33_police_security_crime_intelligence	['police', 'security', 'crime', 'intelligence', 'services', 'rates', 'criminal', 'service', 'force', 'phenomena', 'defendants', 'negative']	287	needs_review
34	Floods, rainfall and storm damage	34_floods_rains_torrential_torrents	['floods', 'rains', 'torrential', 'torrents', 'rain', 'affected', 'flood', 'heavy', 'collapse', 'homes', 'damaged', 'houses']	280	reviewed
35	Ceasefires, peace talks and conflict negotiations	35_truce_ceasefire_parties_peace	['truce', 'ceasefire', 'parties', 'peace', 'conflict', 'war', 'agreement', 'stop', 'negotiation', 'movements', 'hostilities', 'warring']	270	reviewed
36	December Revolution and democratic change	36_revolution_revolutionary_glorious_freedom	['revolution', 'revolutionary', 'glorious', 'freedom', 'december', 'change', 'revolutionaries', 'rebellion', 'colonialism', 'goals', 'processions', 'terrified']	261	reviewed
37	Rebel · Al · Withdrawal · Militia	37_rebel_al_withdrawal_militia	['rebel', 'al', 'withdrawal', 'militia', 'islamists', 'major', 'alburhan', 'war', 'leaders', 'military', 'silent', 'saeed']	247	needs_review
38	Courts, corruption and criminal justice	38_court_corruption_prosecution_case	['court', 'corruption', 'prosecution', 'case', 'article', 'justice', 'judge', 'prosecutor', 'law', 'code', 'public', 'criminal']	238	reviewed
39	Sudanese in Egypt and deportations	39_egypt_voluntary_embassy_egyptian	['egypt', 'voluntary', 'embassy', 'egyptian', 'stranded', 'return', 'deportation', 'sudanese', 'violators', 'aswan', 'syrians', 'deported']	223	reviewed
40	Gold mining and mineral resources	40_mining_gold_mineral_company	['mining', 'gold', 'mineral', 'company', 'resources', 'production', 'companies', 'minerals', 'companys', 'ardoul', 'traditional', 'tons']	223	reviewed
41	Httpstmesaqwl · Spokesperson · Office · Watch	41_httpstmesaqwl_spokesperson_office_watch	['httpstmesaqwl', 'spokesperson', 'office', 'watch', 'khartoumjanjaweedcemetery', 'official', 'account', 'sudannews', 'application', 'following', 'news', 'rapid']	221	needs_review
42	Human rights investigations and accountability	42_rights_human_factfinding_mission	['rights', 'human', 'factfinding', 'mission', 'commission', 'independent', 'violations', 'expert', 'crimes', 'geneva', 'international', 'african']	215	reviewed
43	Inflation and the parallel currency market	43_dollar_exchange_rate_inflation	['dollar', 'exchange', 'rate', 'inflation', 'currency', 'banks', 'banking', 'parallel', 'market', 'billion', 'bank', 'monetary']	213	reviewed
44	COVID-19 cases and public-health response	44_corona_cases_infections_suspected	['corona', 'cases', 'infections', 'suspected', 'virus', 'pandemic', 'deaths', 'health', 'recorded', 'infection', 'coronavirus', 'preventive']	212	reviewed
45	Drug seizures and narcotics control	45_drugs_drug_pills_seized	['drugs', 'drug', 'pills', 'seized', 'smuggling', 'combating', 'addiction', 'quantities', 'possession', 'police', 'shipment', 'administration']	210	reviewed
46	Human trafficking and migrant smuggling	46_trafficking_human_smuggling_victims	['trafficking', 'human', 'smuggling', 'victims', 'gang', 'investigations', 'hostages', 'network', 'criminal', 'arrested', 'department', 'gangs']	208	reviewed
47	Waiting · Answer · Zero · Think	47_waiting_answer_zero_think	['waiting', 'answer', 'zero', 'think', 'happened', '2013', 'hour', 'ask', 'mean', 'clarify', 'know', 'understand']	205	needs_review
48	African Union, IGAD and continental diplomacy	48_african_union_continent_membership	['african', 'union', 'continent', 'membership', 'president', 'summit', 'sudans', 'igad', 'sovereignty', 'representative', 'africa', 'commission']	203	reviewed
49	God · Bless · Messenger · Grant	49_god_bless_messenger_grant	['god', 'bless', 'messenger', 'grant', 'prophet', 'almighty', 'lord', 'blessings', 'peace', 'allah', 'oh', 'prayer']	202	needs_review
50	Follow · Httpstmesudaaan · Channel · Whatsapp	50_follow_httpstmesudaaan_channel_whatsapp	['follow', 'httpstmesudaaan', 'channel', 'whatsapp', 'telegram', 'httpswhatsappcomchannel0029vapgy3o7dmecjcizwq2x', 'reliable', 'coverage', 'httpswhatsappcomchaannel0029vb2jdpaixnnnnnnnnnnnnnpxuj5a1x', 'challengesofthetransitionalperiod', 'sudan', 'news']	200	needs_review
51	Electricity, power supply and outages	51_electricity_station_energy_electrical	['electricity', 'station', 'energy', 'electrical', 'power', 'maintenance', 'outages', 'generation', 'stations', 'company', 'water', 'supply']	199	reviewed
52	Displacement shelters and living conditions	52_displaced_shelter_food_conditions	['displaced', 'shelter', 'food', 'conditions', 'harsh', 'families', 'lack', 'elderly', 'cold', 'suffering', 'return', 'children']	198	reviewed
53	Oil, fuel and refineries	53_refinery_fuel_oil_energy	['refinery', 'fuel', 'oil', 'energy', 'gasoline', 'gas', 'petroleum', 'prices', 'stations', 'employees', 'pumping', 'company']	196	reviewed
54	Headlines · Army · News · Alburhan	54_headlines_army_news_alburhan	['headlines', 'army', 'news', 'alburhan', 'newspaper', 'issued', 'ad', 'truce', 'electronic', 'alsudani', 'political', 'prominent']	196	needs_review
55	Damazin · Abdul · Al · Hassan	55_damazin_abdul_al_hassan	['damazin', 'abdul', 'al', 'hassan', 'muhammad', 'writes', 'albilal', 'hamid', 'ali', 'ahmed', 'altayeb', 'ibrahim']	195	needs_review
56	Telecommunications, internet and Starlink	56_networks_starlink_communication_devices	['networks', 'starlink', 'communication', 'devices', 'internet', 'telecommunications', 'communications', 'interruption', 'operational', 'accounts', 'followers', 'phone']	194	reviewed
57	Ad · Todays · News · Headlines	57_ad_todays_news_headlines	['ad', 'todays', 'news', 'headlines', '2024', '2025', 'bulletin', '2017', 'saturday', 'issued', 'wednesday', 'important']	193	needs_review
58	Government appointments and ministries	58_ministries_khartoum_appointment_kamel	['ministries', 'khartoum', 'appointment', 'kamel', 'governor', 'idris', 'controversy', 'ministers', 'tijani', 'headquarters', 'service', 'explaining']	192	reviewed
59	Customs, borders and goods smuggling	59_customs_goods_smuggling_luggage	['customs', 'goods', 'smuggling', 'luggage', 'crossings', 'dogs', 'exempt', 'smuggle', 'personal', 'duties', 'electrical', 'fees']	191	reviewed
60	Budget, taxation and public finance	60_budget_finance_spending_taxes	['budget', 'finance', 'spending', 'taxes', 'economic', 'revenues', 'economy', 'citizen', 'treasury', 'ministry', 'money', 'ministers']	185	reviewed
61	Join · Scene · Httpstmesdnewsnetwork · Link	61_join_scene_httpstmesdnewsnetwork_link	['join', 'scene', 'httpstmesdnewsnetwork', 'link', 'telegram', 'sudanese', '', '', '', '', '', '']	185	needs_review
62	Headlines · Newspapers · Newspaper · 2022	62_headlines_newspapers_newspaper_2022	['headlines', 'newspapers', 'newspaper', '2022', 'ad', 'morning', 'prominent', '2017', 'issued', 'published', 'hammam', 'shafiq']	179	needs_review
63	God · Oh · Protect · Mighty	63_god_oh_protect_mighty	['god', 'oh', 'protect', 'mighty', 'victory', 'blessings', 'grant', 'mercy', 'hired', 'traitors', 'homeland', 'ask']	177	needs_review
64	Father · Love · Sudanese · Battle	64_father_love_sudanese_battle	['father', 'love', 'sudanese', 'battle', 'history', 'humiliate', 'drink', 'like', 'gave', 'pride', 'truth', 'chad']	175	needs_review
65	Hospitals, doctors and medical services	65_health_hospital_doctors_medical	['health', 'hospital', 'doctors', 'medical', 'surgery', 'center', 'personnel', 'hospitals', 'machines', 'strike', 'heart', 'preparing']	174	reviewed
66	UN Security Council, sanctions and missions	66_sanctions_security_council_united	['sanctions', 'security', 'council', 'united', 'nations', 'mission', 'envoy', 'representative', 'session', 'resolution', 'imposed', 'sudan']	170	reviewed
67	Weather forecasts and temperatures	67_weather_moderate_temperatures_meteorology	['weather', 'moderate', 'temperatures', 'meteorology', 'hot', 'willing', 'facebook', 'expected', 'rain', 'cold', 'temperature', 'night']	169	reviewed
68	Justice, democracy and political marginalisation	68_injustice_revolution_freedom_regime	['injustice', 'revolution', 'freedom', 'regime', 'democracy', 'democratic', 'political', 'marginalization', 'revolutions', 'justice', 'power', 'achieve']	166	reviewed
69	Suna · Agency · News · Sudan	69_suna_agency_news_sudan	['suna', 'agency', 'news', 'sudan', 'sama', 'sona', 'condition', 'summary', 'addresses', 'delivery', '2020', 'todays']	164	needs_review
70	Passports and civil-registration services	70_passports_immigration_passport_administration	['passports', 'immigration', 'passport', 'administration', 'registry', 'general', 'police', 'electronic', 'procedures', 'hijri', 'interior', 'services']	160	reviewed
71	Journalists, media and press freedom	71_journalists_media_female_press	['journalists', 'media', 'female', 'press', 'syndicate', 'journalist', 'professional', 'professionals', 'journalism', 'facts', 'war', 'union']	160	reviewed
72	International criminal courts and genocide cases	72_court_criminal_genocide_crimes	['court', 'criminal', 'genocide', 'crimes', 'justice', 'international', 'request', 'prosecutor', 'complaint', 'uae', 'humanity', 'lawsuit']	160	reviewed
73	Sudan–Egypt relations	73_egyptian_egypt_egypts_foreign	['egyptian', 'egypt', 'egypts', 'foreign', 'brotherly', 'president', 'cairo', 'regional', 'relations', 'sovereignty', 'external', 'stability']	159	reviewed
74	Dont · Come · Didnt · Personally	74_dont_come_didnt_personally	['dont', 'come', 'didnt', 'personally', 'play', 'did', 'silent', 'tonight', 'left', 'fact', 'satisfied', 'waiting']	158	needs_review
75	Speedy · Recovery · Martyrs · Mercy	75_speedy_recovery_martyrs_mercy	['speedy', 'recovery', 'martyrs', 'mercy', 'wounded', 'righteous', 'missing', 'forgiveness', 'eternity', 'injured', 'ask', 'prayers']	156	needs_review
76	Military equipment, armoured vehicles and ammunition	76_vehicles_armored_equipment_combat	['vehicles', 'armored', 'equipment', 'combat', 'losses', 'enemy', 'heavy', 'ammunition', 'tanks', 'inflicting', 'clearance', 'destroying']	156	reviewed
77	Music, artists and cultural events	77_artist_artists_singing_art	['artist', 'artists', 'singing', 'art', 'ask', 'artistic', 'song', 'forgiveness', 'illness', 'famous', 'band', 'mohamed']	155	reviewed
78	Terrorism and extremist violence	78_terrorist_terrorism_crimes_extremist	['terrorist', 'terrorism', 'crimes', 'extremist', 'classify', 'heinous', 'militia', 'brigades', 'regime', 'crime', 'atrocities', 'acts']	150	reviewed
79	Water · Station · Wells · Meters	79_water_station_wells_meters	['water', 'station', 'wells', 'meters', 'stations', 'dam', 'drinking', 'dams', 'renaissance', 'irrigation', 'authority', 'sea']	149	needs_review
80	God · Battle · Victory · Conquest	80_god_battle_victory_conquest	['god', 'battle', 'victory', 'conquest', 'know', 'dear', 'near', 'martyrs', 'channel', 'victoryfromgodandconquestisnear', 'gods', 'let']	149	needs_review
81	Foreigners · Immigration · Immigrants · Citizenship	81_foreigners_immigration_immigrants_citizenship	['foreigners', 'immigration', 'immigrants', 'citizenship', 'deportation', 'illegal', 'legal', 'residency', 'violators', 'status', 'deported', 'presence']	148	needs_review
82	Rent · House · Housing · Rents	82_rent_house_housing_rents	['rent', 'house', 'housing', 'rents', 'planning', 'residential', 'neighborhoods', 'urban', 'estate', 'eviction', 'localities', 'shambat']	148	needs_review
83	Health · Hospital · Medical · Center	83_health_hospital_medical_center	['health', 'hospital', 'medical', 'center', 'hospitals', 'nursing', 'sector', 'federal', 'ministry', 'doctors', 'treatment', 'specialists']	148	needs_review
84	Court · Accused · Prosecution · Case	84_court_accused_prosecution_case	['court', 'accused', 'prosecution', 'case', 'ruling', 'doha', 'martyr', 'trial', 'prosecutor', 'arrest', 'prison', 'fine']	147	needs_review
85	Newspapers · Headlines · Political · Morning	85_newspapers_headlines_political_morning	['newspapers', 'headlines', 'political', 'morning', 'ad', 'issued', 'prominent', 'akhbar', 'alyoum', 'newspaper', 'published', '2020']	144	needs_review
86	Religious · Church · Mosque · Mosques	86_religious_church_mosque_mosques	['religious', 'church', 'mosque', 'mosques', 'values', 'sheikh', 'religion', 'solidarity', 'prayers', 'quran', 'preachers', 'compassion']	143	needs_review
87	Workers · Labor · Employees · Salaries	87_workers_labor_employees_salaries	['workers', 'labor', 'employees', 'salaries', 'unemployment', 'job', 'expatriate', 'jobs', 'work', 'wage', 'saudi', 'restoring']	139	needs_review
88	Debts · Bank · Debt · Economic	88_debts_bank_debt_economic	['debts', 'bank', 'debt', 'economic', 'finance', 'billion', 'world', 'dollars', 'sudans', 'heavily', 'monetary', 'fund']	137	needs_review
89	Chinese · Foreign · Countries · Affairs	89_chinese_foreign_countries_affairs	['chinese', 'foreign', 'countries', 'affairs', 'bilateral', 'china', 'diplomats', 'relations', 'american', 'london', 'decision', 'diplomatic']	136	needs_review
90	Pardon · Reporting · Armed · Renew	90_pardon_reporting_armed_renew	['pardon', 'reporting', 'armed', 'renew', 'rebellion', 'army', 'unit', 'arming', 'benefit', 'commanderinchief', 'command', 'military']	131	needs_review
91	Peace · Juba · Kiir · Agreement	91_peace_juba_kiir_agreement	['peace', 'juba', 'kiir', 'agreement', 'south', 'salva', 'parties', 'president', 'union', 'african', 'mediation', 'igad']	130	needs_review
92	Enemy · Mercenaries · Shield · Remnants	92_enemy_mercenaries_shield_remnants	['enemy', 'mercenaries', 'shield', 'remnants', 'infiltrating', 'heroes', 'battle', 'valiant', 'confronted', 'chasing', 'chose', 'defeat']	129	needs_review
93	Pharmaceutical · Medicines · Strip · Medicine	93_pharmaceutical_medicines_strip_medicine	['pharmaceutical', 'medicines', 'strip', 'medicine', 'pharmacies', 'pounds', 'pharmacists', 'price', 'prices', 'pharmacy', 'increases', 'drug']	122	needs_review
94	Oil · Gasoline · Fuel · Prices	94_oil_gasoline_fuel_prices	['oil', 'gasoline', 'fuel', 'prices', 'gas', 'price', 'pounds', 'petroleum', 'increase', 'agents', 'barrels', 'production']	122	needs_review
95	Kordofan · West · Governor · North	95_kordofan_west_governor_north	['kordofan', 'west', 'governor', 'north', 'south', 'rashad', 'delegation', 'alfula', 'conflicts', 'meets', 'hamid', 'region']	121	needs_review
96	Command · Sat · Chief · Summary	96_command_sat_chief_summary	['command', 'sat', 'chief', 'summary', 'armed', 'commanderinchief', 'stable', '2023', 'todays', 'staff', 'forces', 'officers']	121	needs_review
97	Media · Press · Journalists · Professionals	97_media_press_journalists_professionals	['media', 'press', 'journalists', 'professionals', 'workshop', 'publications', 'misinformation', 'publishing', 'law', 'amend', 'professional', 'empower']	120	needs_review
98	Ethiopian · Newspaper · Renaissance · Ethiopia	98_ethiopian_newspaper_renaissance_ethiopia	['ethiopian', 'newspaper', 'renaissance', 'ethiopia', 'dam', 'hamdok', 'electronic', 'corona', 'sodamedia', 'alsudani', 'sitin', 'alwatan']	119	needs_review
99	Httpstmesaqwl ·  ·  ·	99_httpstmesaqwl___	['httpstmesaqwl', '', '', '', '', '', '', '', '', '', '', '']	117	needs_review
100	Soldiers · Army · Morale · Victory	100_soldiers_army_morale_victory	['soldiers', 'army', 'morale', 'victory', 'salute', 'leadership', 'commanders', 'officers', 'stable', 'fronts', 'leaders', 'soldier']	113	needs_review
101	Corporation · Television · Radio · Kordofan	101_corporation_television_radio_kordofan	['corporation', 'television', 'radio', 'kordofan', 'west', 'north', 'alfula', 'governor', 'locality', 'foundation', 'guidance', 'education']	112	needs_review
102	Trump · Biden · Trumps · Congress	102_trump_biden_trumps_congress	['trump', 'biden', 'trumps', 'congress', 'republican', 'investigative', 'donald', 'material', 'deliberations', 'house', 'representatives', 'journalism']	109	needs_review
103	Diaspora · Alfasher · Write · Arabs	103_diaspora_alfasher_write_arabs	['diaspora', 'alfasher', 'write', 'arabs', 'janjaweed', 'tribe', 'al', 'rizeigat', 'tribes', 'obaid', 'pulse', 'despite']	108	needs_review
104	Muslims · Badr · Victory · Bin	104_muslims_badr_victory_bin	['muslims', 'badr', 'victory', 'bin', 'speedy', 'valiant', 'resolve', 'battle', 'dedicate', 'god', 'almighty', 'cleanse']	108	needs_review
105	Demonstrations · Demonstrators · Protesters · Ministries	105_demonstrations_demonstrators_protesters_ministries	['demonstrations', 'demonstrators', 'protesters', 'ministries', 'protests', 'tear', 'gas', 'demonstration', 'party', 'police', 'revolutionary', 'khartoum']	107	needs_review
106	Almahdi · Pilgrims · Imam · Prayers	106_almahdi_pilgrims_imam_prayers	['almahdi', 'pilgrims', 'imam', 'prayers', 'eid', 'mosques', 'holy', 'alsadiq', 'hajj', 'mourns', 'ramadan', 'religious']	107	needs_review
107	Sovereignty · Commanderinchief · Lieutenant · Council	107_sovereignty_commanderinchief_lieutenant_council	['sovereignty', 'commanderinchief', 'lieutenant', 'council', 'overall', 'chairman', 'fattah', 'oath', 'yahya', 'transitional', 'general', 'president']	107	needs_review
108	Humanitarian · Aid · Agencies · Organizations	108_humanitarian_aid_agencies_organizations	['humanitarian', 'aid', 'agencies', 'organizations', 'relief', 'emergencies', 'principles', 'response', 'international', 'ensuring', 'working', 'urgent']	106	needs_review
109	Refugee · Refugees · Deport · Delegation	109_refugee_refugees_deport_delegation	['refugee', 'refugees', 'deport', 'delegation', 'administrative', 'commissioner', 'foreigners', 'interior', 'appointments', 'registered', 'commission', 'employees']	106	needs_review
110	Drones · Missiles · Drone · Losses	110_drones_missiles_drone_losses	['drones', 'missiles', 'drone', 'losses', 'air', 'shot', 'combat', 'missile', 'causing', 'tank', 'deals', 'aviation']	105	needs_review
111	Dialysis · Kidney · Patients · Liver	111_dialysis_kidney_patients_liver	['dialysis', 'kidney', 'patients', 'liver', 'center', 'hospital', 'machines', 'medical', 'surgery', 'othman', 'operations', 'treatment']	105	needs_review
112	Libya · Immigrants · Libyan · Illegal	112_libya_immigrants_libyan_illegal	['libya', 'immigrants', 'libyan', 'illegal', 'migrants', 'immigration', 'kufra', 'asylum', 'irregular', 'deported', 'center', 'accident']	104	needs_review
113	Honey · Strains · Wild · Best	113_honey_strains_wild_best	['honey', 'strains', 'wild', 'best', 'africa', 'bet', 'diplomatic', 'quality', 'laboratory', 'accurate', 'allow', '249918984706']	104	needs_review
114	Migration · Organization · Migrants · International	114_migration_organization_migrants_international	['migration', 'organization', 'migrants', 'international', 'million', 'libya', 'returned', 'immigration', 'reintegration', 'european', 'illegal', 'europe']	104	needs_review
115	Titles · Incidents · Economic · Black	115_titles_incidents_economic_black	['titles', 'incidents', 'economic', 'black', 'dollar', 'pound', 'economy', 'market', 'poverty', 'rates', 'currency', 'price']	104	needs_review
116	Haftar · Libyan · Libya · Khalifa	116_haftar_libyan_libya_khalifa	['haftar', 'libyan', 'libya', 'khalifa', 'tripoli', 'kufra', 'nyala', 'chad', 'hesitation', 'southern', 'triangle', 'border']	103	needs_review
117	Estate · Real · Housing · Apartment	117_estate_real_housing_apartment	['estate', 'real', 'housing', 'apartment', 'apartments', 'rent', 'license', 'market', 'owners', 'advised', 'fund', 'prices']	102	needs_review
118	Love · Mother · Son · Know	118_love_mother_son_know	['love', 'mother', 'son', 'know', 'husband', 'children', 'family', 'daughter', 'did', 'dont', 'told', 'crying']	101	needs_review
119	Httpswhatsappcomchaannel0029Vb2Jdpaixnnnnnnnnnnnnpxuj5A1X · Join · Guardians · Battleofdemocracy	119_httpswhatsappcomchaannel0029vb2jdpaixnnnnnnnnnnnnpxuj5a1x_join_guardians_battleofdemocracy	['httpswhatsappcomchaannel0029vb2jdpaixnnnnnnnnnnnnpxuj5a1x', 'join', 'guardians', 'battleofdemocracy', 'scene', 'righteous', 'glorious', 'httpstmesdnewsnetwork', 'forgiveness', 'telegram', 'mercy', 'link']	100	needs_review
120	Albashir · Meets · Unamid · Minister	120_albashir_meets_unamid_minister	['albashir', 'meets', 'unamid', 'minister', 'jaber', 'salma', 'sovereignty', 'council', 'praises', 'president', 'ambassador', 'writers']	100	needs_review
121	Temperatures · Meteorology · Slight · Maximum	121_temperatures_meteorology_slight_maximum	['temperatures', 'meteorology', 'slight', 'maximum', 'decrease', 'rise', 'small', 'parts', 'degrees', 'rest', 'gradual', 'temperature']	99	needs_review
122	Medical · Patients · Medicines · Room	122_medical_patients_medicines_room	['medical', 'patients', 'medicines', 'room', 'treatment', 'hospitals', 'injured', 'emergency', 'care', 'clinics', 'teams', 'provide']	99	needs_review
123	Doctors · Network · Injured · Killed	123_doctors_network_injured_killed	['doctors', 'network', 'injured', 'killed', 'result', 'rapid', 'wounded', 'syndicate', 'fasher', 'medical', 'bombing', 'hospital']	99	needs_review
124	Chadian · Chad · Border · Regimes	124_chadian_chad_border_regimes	['chadian', 'chad', 'border', 'regimes', 'territory', 'ndjamena', 'crossing', 'authorities', 'crossings', 'emirati', 'uae', 'altineh']	98	needs_review
125	Httpstmesudannm · Httpswhatsappcomchannel0029Vae7L5T11Ulpotfega1S · Correspondent · Follow	125_httpstmesudannm_httpswhatsappcomchannel0029vae7l5t11ulpotfega1s_correspondent_follow	['httpstmesudannm', 'httpswhatsappcomchannel0029vae7l5t11ulpotfega1s', 'correspondent', 'follow', 'whatsapp', 'channel', 'telegram', 'journalist', 'majid', 'abdul', 'httpstmesudaaan', 'hamid']	97	needs_review
126	Hajj · Umrah · Pilgrims · Ah	126_hajj_umrah_pilgrims_ah	['hajj', 'umrah', 'pilgrims', 'ah', 'endowments', 'season', 'establishments', 'riyals', 'saudi', 'cost', 'holy', 'religious']	95	needs_review
127	Terrorist · Gangs · City · Militia	127_terrorist_gangs_city_militia	['terrorist', 'gangs', 'city', 'militia', 'artillery', 'fasher', 'targeted', 'operational', 'morning', 'witnessed', 'infiltrate', 'targeting']	95	needs_review
128	Httpstmesudaaan · Httpswhatsappcomchaannel0029Vb2Jdpaixnnnnnnnnnnnnnpxuj5A1X · Channel · Follow	128_httpstmesudaaan_httpswhatsappcomchaannel0029vb2jdpaixnnnnnnnnnnnnnpxuj5a1x_channel_follow	['httpstmesudaaan', 'httpswhatsappcomchaannel0029vb2jdpaixnnnnnnnnnnnnnpxuj5a1x', 'channel', 'follow', 'whatsapp', 'telegram', 'sudan', 'event', 'httpswhatsappcomchannel0029vapgy3o7dmecjcizwq2x', 'httpswhatsappcomchaannel0029vb2jdpaixnnnnnnnnnnnnpxuj5a1x', 'youtube', 'washing']	95	needs_review
129	War · Citizen · Betrayed · Partys	129_war_citizen_betrayed_partys	['war', 'citizen', 'betrayed', 'partys', 'army', 'withdraw', 'militia', 'definitely', 'like', 'winning', 'yes', 'supporters']	93	needs_review
130	Httpstmesdnewsnetlork · Join · Scene · Link	130_httpstmesdnewsnetlork_join_scene_link	['httpstmesdnewsnetlork', 'join', 'scene', 'link', 'telegram', 'sudan', 'migrant', 'httpstmesudaaan', 'channel', 'follow', '', '']	93	needs_review
131	Sudandefense · Httpstmedefenssuda · Spokesperson · Httpstmedefenssudan	131_sudandefense_httpstmedefenssuda_spokesperson_httpstmedefenssudan	['sudandefense', 'httpstmedefenssuda', 'spokesperson', 'httpstmedefenssudan', 'office', 'follow', 'telegram', 'official', 'rapid', 'forces', 'base', 'understanding']	92	needs_review
132	Darfur · Arko · Minni · Minawi	132_darfur_arko_minni_minawi	['darfur', 'arko', 'minni', 'minawi', 'governor', 'west', 'region', 'el', 'fasher', 'north', 'geneina', 'rapid']	92	needs_review
133	Testing · Careful · Bet · Quality	133_testing_careful_bet_quality	['testing', 'careful', 'bet', 'quality', 'laboratory', 'httpstmedefenssudan', 'allow', 'sudandefense', 'sidr', 'original', 'defense', 'sudans']	92	needs_review
134	Sitin · Demonstrators · Dispersal · Dispersing	134_sitin_demonstrators_dispersal_dispersing	['sitin', 'demonstrators', 'dispersal', 'dispersing', 'protesters', 'protests', 'demonstrations', 'peaceful', 'protest', 'abolition', 'processions', 'square']	92	needs_review
135	Climate · Message249 · Jobs · Httpstmealrisala249	135_climate_message249_jobs_httpstmealrisala249	['climate', 'message249', 'jobs', 'httpstmealrisala249', 'battleofdignity', 'interested', 'organizations', 'change', 'courses', 'language', 'registration', 'english']	91	needs_review
136	Win · Strength · God · Prevail	136_win_strength_god_prevail	['win', 'strength', 'god', 'prevail', 'gods', 'victory', 'strengthen', 'help', 'grant', 'raise', 'feet', 'hostile']	90	needs_review
137	Weather · Hot · Temperatures · Todays	137_weather_hot_temperatures_todays	['weather', 'hot', 'temperatures', 'todays', 'slight', 'parts', 'moderate', 'rise', 'relatively', 'prevails', 'night', 'cold']	90	needs_review
138	Party · Elections · Umma · Political	138_party_elections_umma_political	['party', 'elections', 'umma', 'political', 'congress', 'national', 'legislative', 'parties', 'democratic', 'bloc', 'partys', 'interests']	90	needs_review
139	Insurance · Health · Cost · Financing	139_insurance_health_cost_financing	['insurance', 'health', 'cost', 'financing', 'services', 'organizes', 'jazeera', 'umbrella', 'fund', 'installing', 'island', 'orphans']	88	needs_review
140	Looted · Looting · Property · Shops	140_looted_looting_property_shops	['looted', 'looting', 'property', 'shops', 'homes', 'guided', 'cars', 'burned', 'vandalized', 'solar', 'owners', 'citizens']	88	needs_review
141	Appointed · Empowerment · Kizan · Taqaddam	141_appointed_empowerment_kizan_taqaddam	['appointed', 'empowerment', 'kizan', 'taqaddam', 'advisors', 'congress', 'alfaki', 'sitin', 'manna', 'demands', 'gosh', 'fired']	87	needs_review
142	Watan · 2025 · News · Al	142_watan_2025_news_al	['watan', '2025', 'news', 'al', 'august', 'february', 'tuesday', 'ad', '2024', 'december', 'friday', 'saturday']	87	needs_review
143	Albashir · Albashirs · Court · Deposed	143_albashir_albashirs_court_deposed	['albashir', 'albashirs', 'court', 'deposed', 'difference', 'trial', 'criminal', 'prosecution', '1989', 'big', 'charges', 'president']	87	needs_review
144	Film · Series · Shown · Theater	144_film_series_shown_theater	['film', 'series', 'shown', 'theater', 'experience', 'dramatic', 'festival', 'actors', 'produced', 'acting', 'fingers', 'tragedies']	87	needs_review
145	List · Terrorism · Terrorist · Sponsoring	145_list_terrorism_terrorist_sponsoring	['list', 'terrorism', 'terrorist', 'sponsoring', 'instability', 'extremism', 'remove', 'removing', 'countries', 'combating', 'sudans', 'indicating']	86	needs_review
146	Httpswhatsappcomchannel0029Vapgy3O7Dmecjcizwq2X · Channel · Httpstmesudaaan · Follow	146_httpswhatsappcomchannel0029vapgy3o7dmecjcizwq2x_channel_httpstmesudaaan_follow	['httpswhatsappcomchannel0029vapgy3o7dmecjcizwq2x', 'channel', 'httpstmesudaaan', 'follow', 'whatsapp', 'httpswhatsappcomchandnel0029vapgy3o7dmecjcizwq2x', 'telegram', 'sudan', 'httpswhatsappcomchaannel0029vb2jdpaixnnnnnnnnnnnnpxuj5a1x', 'httpswhatsappcomchaannel0029vb2jdpaixnnnnnnnnnnnnnpxuj5a1x', 'nubia', 'legend']	86	needs_review
147	Voluntary · Returnees · Return · Deported	147_voluntary_returnees_return_deported	['voluntary', 'returnees', 'return', 'deported', 'deterioration', 'migration', 'deposited', '450', 'immigration', 'deportation', 'expatriates', 'buses']	86	needs_review
148	Httpstmesaqwl · Coverage · Fees · Determined	148_httpstmesaqwl_coverage_fees_determined	['httpstmesaqwl', 'coverage', 'fees', 'determined', 'noted', 'fee', 'permission', 'share', 'imposed', 'comes', 'addition', '']	85	needs_review
149	Bird · Birds · Norway · Sheep	149_bird_birds_norway_sheep	['bird', 'birds', 'norway', 'sheep', 'cows', 'research', 'animal', 'suicide', 'crocodile', 'sent', 'mourning', 'die']	84	needs_review
150	Investment · Economy · Companies · Economic	150_investment_economy_companies_economic	['investment', 'economy', 'companies', 'economic', 'sector', 'industry', 'productive', 'sectors', 'private', 'trade', 'policies', 'medium']	83	needs_review
151	Pounds · Price · Kilo · Prices	151_pounds_price_kilo_prices	['pounds', 'price', 'kilo', 'prices', 'vegetables', 'meat', 'pound', 'bakeries', 'increase', 'flour', 'markets', 'purchasing']	83	needs_review
152	Migrants · Coast · Boat · Mediterranean	152_migrants_coast_boat_mediterranean	['migrants', 'coast', 'boat', 'mediterranean', 'tunisian', 'libyan', 'guard', 'drowned', 'rescued', 'libya', 'boats', 'italy']	83	needs_review
153	Transportation · Railway · Tariffs · Buses	153_transportation_railway_tariffs_buses	['transportation', 'railway', 'tariffs', 'buses', 'proposal', 'lines', 'reduce', 'operating', 'bus', 'company', 'line', 'train']	83	needs_review
154	Karari · Headlines · Channel · Ad	154_karari_headlines_channel_ad	['karari', 'headlines', 'channel', 'ad', '2026', 'issued', 'newspaper', 'newspapers', 'local', '2025', 'akhbar', 'alyoum']	82	needs_review
155	Road · Roads · Asphalt · Maintenance	155_road_roads_asphalt_maintenance	['road', 'roads', 'asphalt', 'maintenance', 'rehabilitation', 'length', 'bridge', 'bridges', 'linking', 'internal', 'kilometers', 'project']	82	needs_review
156	Watan · Nasr · 2025 · Ad	156_watan_nasr_2025_ad	['watan', 'nasr', '2025', 'ad', 'news', 'festival', 'al', 'july', 'marwa', 'collaborator', 'student', 'hebrew']	82	needs_review
157	Sennar · Battle · Regiment · Placed	157_sennar_battle_regiment_placed	['sennar', 'battle', 'regiment', 'placed', 'sinja', 'liberation', 'discovered', 'army', 'anniversary', 'fall', 'regions', 'largest']	81	needs_review
158	Homeless · Services · Social · Welfare	158_homeless_services_social_welfare	['homeless', 'services', 'social', 'welfare', 'shelter', 'reassured', 'children', 'excellency', 'level', 'terms', 'treatment', 'organizing']	80	needs_review
159	Unamid · Mission · Security · Unitams	159_unamid_mission_security_unitams	['unamid', 'mission', 'security', 'unitams', 'resolution', 'darfur', 'nations', 'united', 'council', 'departure', 'withdrawal', 'exit']	80	needs_review
160	Peace · Negotiations · Agreement · Juba	160_peace_negotiations_agreement_juba	['peace', 'negotiations', 'agreement', 'juba', 'parties', 'war', 'root', 'process', 'conflict', 'achieve', 'ending', 'democratic']	79	needs_review
161	Empowerment · Committee · Professionals · Removal	161_empowerment_committee_professionals_removal	['empowerment', 'committee', 'professionals', 'removal', 'association', 'decision', 'relevant', 'tool', 'performing', 'decisions', 'committees', 'indicates']	79	needs_review
162	Calm · Neighborhood · Normal · Witnessed	162_calm_neighborhood_normal_witnessed	['calm', 'neighborhood', 'normal', 'witnessed', 'houses', 'life', 'cautious', 'city', 'street', 'collapsed', 'fasher', 'operational']	79	needs_review
163	Health · Insurance · Governor · Locality	163_health_insurance_governor_locality	['health', 'insurance', 'governor', 'locality', 'kordofan', 'hospital', 'nile', 'north', 'opening', 'blue', 'center', 'medical']	79	needs_review
164	Inquiries · 249918984706 · Orders · Delivery	164_inquiries_249918984706_orders_delivery	['inquiries', '249918984706', 'orders', 'delivery', 'best', 'whatsapp', 'service', 'states', 'number', 'khartoum', 'arabic', 'english']	78	needs_review
165	Summary · Best · News · Start	165_summary_best_news_start	['summary', 'best', 'news', 'start', 'alwatan', '2021', 'ad', 'akhbar', 'alyoum', 'day', 'newspaper', '2022']	78	needs_review
166	Coup · Freedom · Change · Revolutionary	166_coup_freedom_change_revolutionary	['coup', 'freedom', 'change', 'revolutionary', 'plotters', '1989', 'military', 'justifications', 'october', 'agreed', 'revolution', 'tyranny']	78	needs_review
167	Health · Haitham · Dr · Competence	167_health_haitham_dr_competence	['health', 'haitham', 'dr', 'competence', 'ministry', 'akram', 'medicines', 'surprised', 'treatment', 'exploited', 'medical', 'minister']	78	needs_review
168	Newspaper · Alwatan · Alyoum · Alintibaha	168_newspaper_alwatan_alyoum_alintibaha	['newspaper', 'alwatan', 'alyoum', 'alintibaha', 'akhbar', 'alsayha', 'alatta', 'alahed', 'yasser', 'arbitrary', 'cooperative', 'publishes']	77	needs_review
169	Interests · America · Americans · Negotiation	169_interests_america_americans_negotiation	['interests', 'america', 'americans', 'negotiation', 'quartet', 'facilitates', 'speech', 'dictates', 'selfdetermination', 'controversial', 'reach', 'allies']	76	needs_review
170	God · Victory · Conquest · Valiant	170_god_victory_conquest_valiant	['god', 'victory', 'conquest', 'valiant', 'grant', 'oh', 'protect', 'willing', 'enemies', 'army', 'near', 'heroes']	76	needs_review
171	Jobs · Scholarship · Opportunity · Professors	171_jobs_scholarship_opportunity_professors	['jobs', 'scholarship', 'opportunity', 'professors', 'contains', 'apply', 'interested', 'masters', 'courses', 'study', 'english', 'host']	75	needs_review
172	Islamic · Movement · Almahdi · Religious	172_islamic_movement_almahdi_religious	['islamic', 'movement', 'almahdi', 'religious', 'sheikh', 'brotherhood', 'republican', 'alsadiq', 'christian', 'mosque', 'muslim', 'sitin']	75	needs_review
173	Scholarship · Admission · Apply · University	173_scholarship_admission_apply_university	['scholarship', 'admission', 'apply', 'university', 'luck', 'grant', 'wait', 'meaning', 'choice', 'better', 'artistic', 'correspondent']	74	needs_review
174	Summary · News · Best · Start	174_summary_news_best_start	['summary', 'news', 'best', 'start', 'ad', '2021', 'day', 'saturday', '2022', '2020', 'november', 'headlines']	74	needs_review
175	Payment · Transactions · Account · Bank	175_payment_transactions_account_bank	['payment', 'transactions', 'account', 'bank', 'request', 'easier', 'safely', 'easily', 'financial', 'banks', 'reliable', 'fast']	74	needs_review
176	Join · Scene · Httpstmesdnewsnetwork · Link	176_join_scene_httpstmesdnewsnetwork_link	['join', 'scene', 'httpstmesdnewsnetwork', 'link', 'telegram', 'sudanese', 'httpswhatsappcomchannel0029va9dzn3l7uvv5orzew3o', 'device', 'httpstmesudaray', 'removal', 'opinion', 'solution']	73	needs_review
177	Republican · Palace · Civilization · History	177_republican_palace_civilization_history	['republican', 'palace', 'civilization', 'history', 'ii', 'abundant', 'era', 'enlightened', 'invaders', 'proof', 'fall', 'rule']	73	needs_review
178	Commanderinchief · Armed · Flag · Excellency	178_commanderinchief_armed_flag_excellency	['commanderinchief', 'armed', 'flag', 'excellency', 'incubator', 'forces', 'alatta', 'reassured', 'independence', 'sovereignty', 'homelands', 'chairman']	72	needs_review
179	Hammam · Shafiq · Magdy · Science	179_hammam_shafiq_magdy_science	['hammam', 'shafiq', 'magdy', 'science', 'technology', 'riyadh', 'ahmed', 'university', 'arabia', 'saudi', 'press', 'sudan']	71	needs_review
180	Traffic · Buses · Transportation · Bus	180_traffic_buses_transportation_bus	['traffic', 'buses', 'transportation', 'bus', 'vehicles', 'travel', 'staying', 'transport', 'tariffs', 'stops', 'trucks', 'roads']	71	needs_review
181	Vehicles · Enemy · Destroyed · Forces	181_vehicles_enemy_destroyed_forces	['vehicles', 'enemy', 'destroyed', 'forces', 'rebel', 'infantry', 'attack', 'retreated', 'clashes', 'rebels', 'northeastern', 'bahri']	70	needs_review
182	British · Britain · London · European	182_british_britain_london_european	['british', 'britain', 'london', 'european', 'constructive', 'engagement', 'sudans', 'envoy', 'foreign', 'dialogue', 'united', 'union']	70	needs_review
183	Expatriates · Expatriate · Home · Tell	183_expatriates_expatriate_home_tell	['expatriates', 'expatriate', 'home', 'tell', 'taught', 'rent', 'income', 'mother', 'children', 'buy', 'worked', 'striking']	70	needs_review
184	Nile · White · Located · Cairo	184_nile_white_located_cairo	['nile', 'white', 'located', 'cairo', 'sennar', 'river', 'ancient', 'villages', 'jabal', 'muya', 'desert', 'gandhi']	70	needs_review
185	Hillat · Shouk · Bombing · Civilians	185_hillat_shouk_bombing_civilians	['hillat', 'shouk', 'bombing', 'civilians', 'rebel', 'militia', 'muya', 'attempts', 'residents', 'omdurman', 'camp', 'massacre']	70	needs_review
186	Rukn · Lieutenant · Commander · General	186_rukn_lieutenant_commander_general	['rukn', 'lieutenant', 'commander', 'general', 'major', 'abyad', 'brigadier', 'captain', 'al', 'azraq', 'din', 'jaber']	69	needs_review
187	Egyptian · Alsisi · Fattah · Cairo	187_egyptian_alsisi_fattah_cairo	['egyptian', 'alsisi', 'fattah', 'cairo', 'president', 'visit', 'elsisi', 'relations', 'abdel', 'egypt', 'bilateral', 'sisi']	69	needs_review
188	Information · Law · Communications · Draft	188_information_law_communications_draft	['information', 'law', 'communications', 'draft', 'security', 'penalty', 'technology', 'spending', 'technologies', 'negative', 'necessary', 'measures']	68	needs_review
189	Uganda · Ugandan · Kampala · Refugees	189_uganda_ugandan_kampala_refugees	['uganda', 'ugandan', 'kampala', 'refugees', 'camp', 'refugee', 'sudanese', 'embassy', 'attack', 'voluntary', 'community', 'reception']	68	needs_review
190	Whatsapp · Facebook · Httpswwwfacebookcomprofilephpid61556457563338 · Httpstmealrisala249	190_whatsapp_facebook_httpswwwfacebookcomprofilephpid61556457563338_httpstmealrisala249	['whatsapp', 'facebook', 'httpswwwfacebookcomprofilephpid61556457563338', 'httpstmealrisala249', 'httpstmekraray224466', 'follow', 'channel', 'use', 'join', 'group', 'telegram', 'interaction']	67	needs_review
191	Agreement · Affirming · Communitys · Observer	191_agreement_affirming_communitys_observer	['agreement', 'affirming', 'communitys', 'observer', 'parties', 'negotiations', 'visions', 'participants', 'attend', 'selfdetermination', 'exceed', 'framework']	67	needs_review
192	Journey · Woman · Tells · Story	192_journey_woman_tells_story	['journey', 'woman', 'tells', 'story', 'years', 'mother', 'family', 'tribune', 'children', 'stories', 'old', 'pain']	66	needs_review
193	Imprisonment · Prison · Sentence · Accused	193_imprisonment_prison_sentence_accused	['imprisonment', 'prison', 'sentence', 'accused', 'death', 'police', 'measure', 'hanging', 'penalty', 'investigations', 'criminal', 'life']	66	needs_review
194	Join · Scene · Httpstmesdnewsnetwork · Link	194_join_scene_httpstmesdnewsnetwork_link	['join', 'scene', 'httpstmesdnewsnetwork', 'link', 'telegram', 'sudanese', 'twitter', 'facebook', '', '', '', '']	66	needs_review
195	Source · Omdurman · Informing · Ad	195_source_omdurman_informing_ad	['source', 'omdurman', 'informing', 'ad', '2025', 'khartoum', 'august', 'wild', 'blogging', 'returnees', 'receiving', 'media']	66	needs_review
196	Investigation · Police · Theft · Criminal	196_investigation_police_theft_criminal	['investigation', 'police', 'theft', 'criminal', 'department', 'paid', 'car', 'east', 'reports', 'crime', 'accused', 'stolen']	66	needs_review
197	Uae · Emirates · Uaes · Involvement	197_uae_emirates_uaes_involvement	['uae', 'emirates', 'uaes', 'involvement', 'chad', 'evidence', 'divide', 'lord', 'weapons', 'alatta', 'america', 'aggression']	65	needs_review
198	Study · Httpstmekraray224466 · Karari · German	198_study_httpstmekraray224466_karari_german	['study', 'httpstmekraray224466', 'karari', 'german', 'actual', 'english', 'language', 'channel', 'start', 'telegram', 'actually', 'starting']	65	needs_review
199	Homeland · 2026 · Ad · November	199_homeland_2026_ad_november	['homeland', '2026', 'ad', 'november', 'news', '2024', 'saturday', 'march', 'monday', 'january', 'thursday', '28']	64	needs_review
200	Liberation · Movement · Arko · Minni	200_liberation_movement_arko_minni	['liberation', 'movement', 'arko', 'minni', 'movements', 'forces', 'rapid', 'army', 'minawi', 'head', 'force', 'fighting']	64	needs_review
201	Dam · Renaissance · Filling · Reservations	201_dam_renaissance_filling_reservations	['dam', 'renaissance', 'filling', 'reservations', 'ethiopia', 'withdraws', 'negotiations', 'egypt', 'formula', 'dams', 'merowe', 'participating']	64	needs_review
202	Service · Civil · Commission · Selection	202_service_civil_commission_selection	['service', 'civil', 'commission', 'selection', 'employees', 'shall', 'transitional', 'administrative', 'periodic', 'reform', 'labor', 'auspices']	64	needs_review
203	Cemetery · Gengueid · Khartoumal · Read	203_cemetery_gengueid_khartoumal_read	['cemetery', 'gengueid', 'khartoumal', 'read', 'details', 'khartoumjanjaweedcemetery', 'whatsapp', 'news', 'link', 'click', 'channel', 'follow']	63	needs_review
204	Httpstmesudaaan · Channel · Follow · Telegram	204_httpstmesudaaan_channel_follow_telegram	['httpstmesudaaan', 'channel', 'follow', 'telegram', 'sudan', 'copied', 'share', 'statement', '', '', '', '']	63	needs_review
205	Homeland · 2025 · November · Ad	205_homeland_2025_november_ad	['homeland', '2025', 'november', 'ad', 'news', 'original', 'statistics', 'perished', 'sidr', 'tuesday', 'saturday', 'september']	63	needs_review
206	Quran · Holy · Mosques · Imams	206_quran_holy_mosques_imams	['quran', 'holy', 'mosques', 'imams', 'preachers', 'jurisprudence', 'sermon', 'academy', 'islamic', 'duration', 'aladha', 'sheikh']	63	needs_review
207	Notification · Donate · Karama · Contribute	207_notification_donate_karama_contribute	['notification', 'donate', 'karama', 'contribute', 'want', 'burden', 'awad', 'clothes', 'clothing', 'bank', 'abboud', 'organization']	62	needs_review
208	Sanctions · European · Union · Imposed	208_sanctions_european_union_imposed	['sanctions', 'european', 'union', 'imposed', 'companies', 'entities', 'brussels', 'accusations', 'unanimously', 'affiliated', 'ban', 'rahim']	62	needs_review
209	Intelligence · Service · Sleeper · Cells	209_intelligence_service_sleeper_cells	['intelligence', 'service', 'sleeper', 'cells', 'general', 'security', 'rest', 'services', 'egyptian', 'saw', 'salah', 'misleading']	62	needs_review
210	Digital · Communications · Transformation · Telecommunications	210_digital_communications_transformation_telecommunications	['digital', 'communications', 'transformation', 'telecommunications', 'internet', 'starlink', 'outage', 'networks', 'regulatory', 'sudani', 'experts', 'communication']	62	needs_review
211	Operational · Gandhi · Followup · Gender	211_operational_gandhi_followup_gender	['operational', 'gandhi', 'followup', 'gender', 'monitoring', 'plot', 'dispersed', 'destroyed', 'counted', 'worlds', 'terror', 'yes']	62	needs_review
212	Correspondent · Asia · Alkhalifa · Daily	212_correspondent_asia_alkhalifa_daily	['correspondent', 'asia', 'alkhalifa', 'daily', 'axis', '2025', 'khalifa', 'caliph', 'report', 'yesterday', '6th', 'fasher']	60	needs_review
213	Elderly · Sick · Hospital · Treatment	213_elderly_sick_hospital_treatment	['elderly', 'sick', 'hospital', 'treatment', 'care', 'urgently', 'patients', 'hospitals', 'suffering', 'childrens', 'wounds', 'wounded']	60	needs_review
214	Httpstmekraray224466 · Channel · Karry · Net	214_httpstmekraray224466_channel_karry_net	['httpstmekraray224466', 'channel', 'karry', 'net', 'repeat', 'major', '22', 'october', 'wednesday', '2025', 'issued', 'ad']	60	needs_review
215	Sudanesearmedforces · 69 · Sudantoday · Facebook	215_sudanesearmedforces_69_sudantoday_facebook	['sudanesearmedforces', '69', 'sudantoday', 'facebook', 'onearmyonepeople', 'sudannews', 'army', 'spokesperson', 'twitter', 'bahri', 'armed', 'diplomats']	60	needs_review
216	Floods · Rain · Torrential · Torrents	216_floods_rain_torrential_torrents	['floods', 'rain', 'torrential', 'torrents', 'damage', 'disaster', 'rains', 'autumn', 'homes', 'affected', 'injuries', 'deaths']	59	needs_review
217	Antiquities · Archaeological · Heritage · Discovery	217_antiquities_archaeological_heritage_discovery	['antiquities', 'archaeological', 'heritage', 'discovery', 'cultural', 'museum', 'culture', 'tourism', 'sincerity', 'mourning', 'documentation', 'library']	58	needs_review
218	Zakat · Bureau · Expatriates · Trustees	218_zakat_bureau_expatriates_trustees	['zakat', 'bureau', 'expatriates', 'trustees', 'collection', 'segment', 'secretary', 'pounds', 'alfitr', 'balance', 'poor', 'permissible']	57	needs_review
219	Popularresistance · Sudanesearmedforces · Evident · Distress	219_popularresistance_sudanesearmedforces_evident_distress	['popularresistance', 'sudanesearmedforces', 'evident', 'distress', 'strength', 'leadership', 'facebook', 'platform', 'armed', 'forces', 'command', 'sudan']	57	needs_review
220	Headlines · 2020 · Todays · Political	220_headlines_2020_todays_political	['headlines', '2020', 'todays', 'political', '2019', 'newspaper', 'newspapers', 'issued', 'ad', 'march', 'attention', 'news']	57	needs_review
221	Budget · Heba · Revenues · Economic	221_budget_heba_revenues_economic	['budget', 'heba', 'revenues', 'economic', 'finance', 'economy', 'pandemic', 'crises', 'albadawi', 'amer', 'alrashid', 'problems']	57	needs_review
222	Tourism · Travel · Tourist · Istanbul	222_tourism_travel_tourist_istanbul	['tourism', 'travel', 'tourist', 'istanbul', 'travelers', 'chamber', 'flights', 'oman', 'ticket', 'develop', 'trkiye', 'buses']	57	needs_review
223	Allowance · Guardians · Acceptable · Battleofdemocracy	223_allowance_guardians_acceptable_battleofdemocracy	['allowance', 'guardians', 'acceptable', 'battleofdemocracy', 'righteous', 'glorious', 'euros', 'forgiveness', 'airlines', 'tickets', 'mercy', 'germany']	56	needs_review
224	Radio · Television · Broadcasting · Channel	224_radio_television_broadcasting_channel	['radio', 'television', 'broadcasting', 'channel', 'channels', 'broadcast', '24', 'activity', 'network', 'media', 'incentives', 'sky']	56	needs_review
225	Motorcycles · Vehicles · Traffic · Highlighting	225_motorcycles_vehicles_traffic_highlighting	['motorcycles', 'vehicles', 'traffic', 'highlighting', 'documents', 'cars', 'vehicle', 'car', 'attached', 'quantity', 'attend', 'prohibiting']	56	needs_review
226	Interact · Compulsory · Karry · Httpstmekraray224466	226_interact_compulsory_karry_httpstmekraray224466	['interact', 'compulsory', 'karry', 'httpstmekraray224466', 'language', 'certificate', 'channel', 'telegram', 'follow', 'share', 'tidings', 'copied']	56	needs_review
227	Dam · Renaissance · Water · Dams	227_dam_renaissance_water_dams	['dam', 'renaissance', 'water', 'dams', 'ethiopia', 'existential', 'issue', 'ethiopian', 'countries', 'collapse', 'visions', 'unilateral']	55	needs_review
228	Unhcr · Resettlement · Refugees · Mouth	228_unhcr_resettlement_refugees_mouth	['unhcr', 'resettlement', 'refugees', 'mouth', 'refugee', 'registration', 'services', 'active', 'information', 'protection', 'encourage', 'provide']	55	needs_review
229	Mercenary · Darfur · Deceive · Arko	229_mercenary_darfur_deceive_arko	['mercenary', 'darfur', 'deceive', 'arko', 'blood', 'masses', 'crying', 'regime', 'legend', 'movements', 'forever', 'brutal']	55	needs_review
230	Demonstration · London · British · Gathering	230_demonstration_london_british_gathering	['demonstration', 'london', 'british', 'gathering', 'honorable', 'protest', 'european', 'denouncing', 'saturday', 'abroad', 'crimes', 'union']	54	needs_review
231	Khartoumjanjaweedcemetery · Battleofdignity · Httpstmealrisala249 · Httpswwwfacebookcomprofilephpid61556457563338	231_khartoumjanjaweedcemetery_battleofdignity_httpstmealrisala249_httpswwwfacebookcomprofilephpid61556457563338	['khartoumjanjaweedcemetery', 'battleofdignity', 'httpstmealrisala249', 'httpswwwfacebookcomprofilephpid61556457563338', 'message249', 'facebook', 'whatsapp', 'onearmyonepeople', 'follow', 'channel', '249', 'telegram']	54	needs_review
232	Barrier · Lions · Invaders · Stood	232_barrier_lions_invaders_stood	['barrier', 'lions', 'invaders', 'stood', 'heroes', 'militia', 'onearmyonepeople', 'face', 'aggressors', 'fighters', 'supported', 'dignity']	54	needs_review
233	War · Jeddah · Stop · End	233_war_jeddah_stop_end	['war', 'jeddah', 'stop', 'end', 'conflict', 'ceasefire', 'alburhans', 'hemedti', 'solution', 'conference', 'truce', 'map']	54	needs_review
234	Fires · Broke · Massive · Houses	234_fires_broke_massive_houses	['fires', 'broke', 'massive', 'houses', 'camp', 'camps', 'kalma', 'displaced', 'burned', 'tawila', 'crops', 'darfur']	53	needs_review
235	Meteorology · Varying · Rains · Rain	235_meteorology_varying_rains_rain	['meteorology', 'varying', 'rains', 'rain', 'rainfall', 'wind', 'warns', 'heavy', 'thunderstorms', 'states', 'rates', 'tropical']	53	needs_review
236	Hanging · Execution · Accused · Sentence	236_hanging_execution_accused_sentence	['hanging', 'execution', 'accused', 'sentence', 'imprisonment', 'wood', 'fugitive', 'defendants', 'ransom', 'death', 'anti', 'crimes']	53	needs_review
237	Uae · Image · Terrorist · Crimes	237_uae_image_terrorist_crimes	['uae', 'image', 'terrorist', 'crimes', 'uaes', 'media', 'militia', 'atrocities', 'narratives', 'sky', 'sponsors', 'strongly']	53	needs_review
238	Village · Almanaqil · Joy · Sons	238_village_almanaqil_joy_sons	['village', 'almanaqil', 'joy', 'sons', 'learned', 'domination', 'fought', 'gathered', 'battle', 'unwavering', 'belief', 'wad']	52	needs_review
239	Jazeera · Project · Al · Aljazeera	239_jazeera_project_al_aljazeera	['jazeera', 'project', 'al', 'aljazeera', 'sky', 'media', 'factor', 'restrictions', 'misleading', '300', 'satellite', 'agent']	52	needs_review
240	Alleviate · Dabba · Displaced · Shelters	240_alleviate_dabba_displaced_shelters	['alleviate', 'dabba', 'displaced', 'shelters', 'improve', 'gedaref', 'provide', 'conditions', 'directed', 'relevant', 'governor', 'social']	52	needs_review
241	Driver · License · Driving · Drivers	241_driver_license_driving_drivers	['driver', 'license', 'driving', 'drivers', 'required', 'unhcr', 'khashm', 'high', 'completed', 'job', 'school', 'secondary']	52	needs_review
242	Illegal · Immigration · Combat · Immigrants	242_illegal_immigration_combat_immigrants	['illegal', 'immigration', 'combat', 'immigrants', 'transient', 'trafficking', 'foreigners', 'smuggling', 'borders', 'drugs', 'vehicle', 'security']	52	needs_review
243	Detainees · Prison · Detention · Prisons	243_detainees_prison_detention_prisons	['detainees', 'prison', 'detention', 'prisons', 'release', 'prisoners', 'house', 'floor', 'deprivation', 'poor', 'supervising', 'escaping']	51	needs_review
244	Crimes · Genocide · Committed · Civilians	244_crimes_genocide_committed_civilians	['crimes', 'genocide', 'committed', 'civilians', 'massacres', 'violations', 'heinous', 'murder', 'rape', 'looting', 'fifteenth', 'darfur']	51	needs_review
245	Kilograms · Meat · Lentils · Food	245_kilograms_meat_lentils_food	['kilograms', 'meat', 'lentils', 'food', 'dates', 'meals', 'cultural', 'sugar', 'culture', 'types', 'cooking', 'dinner']	51	needs_review
246	Car · Cars · Import · Controls	246_car_cars_import_controls	['car', 'cars', 'import', 'controls', 'expatriates', 'model', 'importing', 'customs', 'vehicle', 'exception', 'permanently', 'granted']	51	needs_review
247	Island · Beloved · Islands · Villages	247_island_beloved_islands_villages	['island', 'beloved', 'islands', 'villages', 'traitors', 'tell', 'remnants', 'liberation', 'land', 'birth', 'approaching', 'grave']	51	needs_review
248	Infantry · Division · 22Nd · Brigade	248_infantry_division_22nd_brigade	['infantry', 'division', '22nd', 'brigade', 'sixth', '18th', 'officers', '6th', 'noncommissioned', 'soldiers', 'describing', 'spirit']	50	needs_review
249	Gold · Kilos · Arrested · Girl	249_gold_kilos_arrested_girl	['gold', 'kilos', 'arrested', 'girl', 'arqin', 'mining', 'currency', 'seized', 'thwarted', 'intelligence', 'smuggle', 'refers']	50	needs_review
250	Zakat · Bureau · Meat · Office	250_zakat_bureau_meat_office	['zakat', 'bureau', 'meat', 'office', 'bags', 'program', 'distribution', 'allocated', 'thousand', 'return', 'sacrifice', 'families']	50	needs_review
251	Displacement · Occupied · Longer · Slightest	251_displacement_occupied_longer_slightest	['displacement', 'occupied', 'longer', 'slightest', 'regulation', 'prolonged', 'breath', 'homes', 'hope', 'peoples', 'lacks', 'treachery']	48	needs_review
252	Salva · Kiir · Kiirs · Juba	252_salva_kiir_kiirs_juba	['salva', 'kiir', 'kiirs', 'juba', 'machar', 'deng', 'wahid', 'invitation', 'nour', 'arrives', 'ugandan', 'wife']	48	needs_review
253	Discover · Discovered · Ibn · Friend	253_discover_discovered_ibn_friend	['discover', 'discovered', 'ibn', 'friend', 'did', 'saw', 'ones', 'almahdi', 'alsadiq', 'let', 'abu', 'emigrate']	48	needs_review
254	Homeland · Traitor · Homelands · Hands	254_homeland_traitor_homelands_hands	['homeland', 'traitor', 'homelands', 'hands', 'traitors', 'patriotism', 'faces', 'steadfastness', 'courtesy', 'nation', 'imagined', 'wasting']	47	needs_review
255	Elected · Almirghani · Hamdok · Congratulates	255_elected_almirghani_hamdok_congratulates	['elected', 'almirghani', 'hamdok', 'congratulates', 'prime', 'glorious', 'unite', 'fulfill', 'mansour', 'moneim', 'nazir', 'occasion']	47	needs_review
256	Umma · Party · Rebuilding · National	256_umma_party_rebuilding_national	['umma', 'party', 'rebuilding', 'national', 'kasla', 'affirms', 'sound', 'presidency', 'foundations', 'construction', 'achieve', 'democratic']	47	needs_review
257	Admission · Receiving · Final · Completion	257_admission_receiving_final_completion	['admission', 'receiving', 'final', 'completion', 'secure', 'luck', 'apply', 'applicants', 'procedures', 'application', 'register', 'link']	46	needs_review
258	Milk · Sudannewsnetwork · 2017 · Kilograms	258_milk_sudannewsnetwork_2017_kilograms	['milk', 'sudannewsnetwork', '2017', 'kilograms', 'preparation', 'monitoring', 'newspapers', '15000', 'headlines', 'omani', 'half', 'httpstmesdnewsnetwork']	46	needs_review
259	Pregnant · Honey · Mothers · Nutritional	259_pregnant_honey_mothers_nutritional	['pregnant', 'honey', 'mothers', 'nutritional', 'guide', 'birth', 'reproductive', 'breastfeeding', 'baby', 'child', 'women', 'children']	46	needs_review
260	Qatina · Militia · Stormed · Villages	260_qatina_militia_stormed_villages	['qatina', 'militia', 'stormed', 'villages', 'neighborhoods', 'looting', 'beating', 'gandhi', 'purposes', 'cutting', 'assaulted', 'using']	45	needs_review
261	Honorable · Officers · Noncommissioned · Division	261_honorable_officers_noncommissioned_division	['honorable', 'officers', 'noncommissioned', 'division', 'forces', 'joining', 'welcome', 'soldiers', 'rsf', 'armed', 'regardless', 'diversity']	45	needs_review
262	Morgue · Forensic · Bodies · Unidentified	262_morgue_forensic_bodies_unidentified	['morgue', 'forensic', 'bodies', 'unidentified', 'deceased', 'body', 'graves', 'terrifying', 'secrets', 'investigate', 'doctors', 'investigations']	44	needs_review
263	Uae · Emirates · Gulf · Dubai	263_uae_emirates_gulf_dubai	['uae', 'emirates', 'gulf', 'dubai', 'emirati', 'middle', 'hands', 'buy', 'created', 'countries', 'britain', 'financial']	44	needs_review
264	Injured · Drowned · Bodies · Victims	264_injured_drowned_bodies_victims	['injured', 'drowned', 'bodies', 'victims', 'children', 'wished', 'toll', 'recovery', 'girl', 'speedy', 'extent', 'women']	44	needs_review
265	Arabs · Diaspora · Rizeigat · Desert	265_arabs_diaspora_rizeigat_desert	['arabs', 'diaspora', 'rizeigat', 'desert', 'certain', 'janjaweed', 'neighbors', 'racism', 'forget', 'bbc', 'niger', 'harm']	44	needs_review
266	Division · Brigade · Infantry · Graduation	266_division_brigade_infantry_graduation	['division', 'brigade', 'infantry', 'graduation', 'entertainment', 'recruits', 'guidance', 'batch', 'commander', '1st', 'armed', 'corps']	44	needs_review
267	Militia · Alharith · Civilians · Rapid	267_militia_alharith_civilians_rapid	['militia', 'alharith', 'civilians', 'rapid', 'weapons', 'crimes', 'adre', 'crossing', 'commit', 'idris', 'international', 'silence']	44	needs_review
268	English · Academy · Courses · Networking	268_english_academy_courses_networking	['english', 'academy', 'courses', 'networking', 'training', 'airline', 'riyals', 'language', 'auspices', 'affiliated', 'tickets', 'arabia']	43	needs_review
269	Endeavors · Succeed · Collaborators · Brought	269_endeavors_succeed_collaborators_brought	['endeavors', 'succeed', 'collaborators', 'brought', 'ireland', 'slow', 'honesty', 'suspicion', 'work', 'good', 'efficiency', 'following']	43	needs_review
270	Chadian · Chad · Ndjamena · Mohamed	270_chadian_chad_ndjamena_mohamed	['chadian', 'chad', 'ndjamena', 'mohamed', 'president', 'peaceful', 'neighboring', 'diplomats', 'crisis', 'foreign', 'origins', 'solution']	43	needs_review
271	Crossing · Adre · Border · Visas	271_crossing_adre_border_visas	['crossing', 'adre', 'border', 'visas', 'open', 'obstruction', 'permits', 'humanitarian', 'crucial', 'crossings', 'entry', 'agreed']	42	needs_review
272	Latest · Application · Httpstmesdnewsnetwork · Link	272_latest_application_httpstmesdnewsnetwork_link	['latest', 'application', 'httpstmesdnewsnetwork', 'link', 'follow', 'telegram', 'news', 'version', 'wonderful', 'mona', 'governorcenter', '41']	42	needs_review
273	Traitors · Traitor · Deception · Mouth	273_traitors_traitor_deception_mouth	['traitors', 'traitor', 'deception', 'mouth', 'punish', 'blind', 'turn', 'bite', 'hate', 'humiliated', 'throne', 'eye']	42	needs_review
274	Preparation · Monitoring · Newspapers · 2018	274_preparation_monitoring_newspapers_2018	['preparation', 'monitoring', 'newspapers', '2018', 'headlines', 'arab', 'issued', '2017', 'sunday', 'july', 'november', 'october']	41	needs_review
275	Uae · Jeddah · Stop · Parties	275_uae_jeddah_stop_parties	['uae', 'jeddah', 'stop', 'parties', 'achieved', 'clarified', 'translation', 'weapon', 'unilateral', 'direct', 'stopping', 'focus']	41	needs_review
276	English · Language · Luck · Benefit	276_english_language_luck_benefit	['english', 'language', 'luck', 'benefit', 'hoping', 'exam', 'test', 'prepare', 'canada', 'good', 'tests', 'sent']	41	needs_review
277	Forest · Forests · Forestry · Trees	277_forest_forests_forestry_trees	['forest', 'forests', 'forestry', 'trees', 'museum', 'authority', 'tree', 'activation', 'rare', 'blue', 'produce', 'green']	40	needs_review
278	Albashir · Bank · Gold · Liquidity	278_albashir_bank_gold_liquidity	['albashir', 'bank', 'gold', 'liquidity', 'banks', 'reserves', 'seizure', 'case', 'dismissing', 'almirghani', 'elections', 'abbas']	40	needs_review
279	Reading · War · Internal · Planning	279_reading_war_internal_planning	['reading', 'war', 'internal', 'planning', 'colonialism', 'context', 'marginalization', 'interests', 'political', 'circle', 'tragedy', 'represented']	40	needs_review
280	Uae · Emirates · Dhabi · Relations	280_uae_emirates_dhabi_relations	['uae', 'emirates', 'dhabi', 'relations', 'jordanian', 'diplomats', 'evidence', 'disregard', 'diplomatic', 'ignorance', 'minds', 'statement']	40	needs_review
281	Locality · Shall · Hands · Executive	281_locality_shall_hands_executive	['locality', 'shall', 'hands', 'executive', 'kurmuk', 'citizens', 'director', 'watan', 'slogan', 'thanks', 'commissioner', 'issues']	40	needs_review
282	Dead · Doctors · Hospital · Wounded	282_dead_doctors_hospital_wounded	['dead', 'doctors', 'hospital', 'wounded', 'khater', 'directorgeneral', 'network', 'result', 'injured', 'fasher', 'alhasahisa', 'medical']	40	needs_review
283	English · Language · Courses · Interested	283_english_language_courses_interested	['english', 'language', 'courses', 'interested', 'jobs', 'organizations', 'registration', 'opened', 'auspices', 'airline', 'teaching', 'created']	40	needs_review
284	Karry · Httpstmekraray224466 · Share · Channel	284_karry_httpstmekraray224466_share_channel	['karry', 'httpstmekraray224466', 'share', 'channel', 'telegram', 'karari', 'thats', 'thank', 'source', 'agencies', 'join', 'efforts']	40	needs_review
285	Channel · Telegram · Follow · Sudan	285_channel_telegram_follow_sudan	['channel', 'telegram', 'follow', 'sudan', 'httpstmesudaaan', 'copied', 'proud', 'karry', 'later', 'believe', 'share', 'httpstmekraray224466']	40	needs_review
286	Jobs · Interested · Organizations · Contains	286_jobs_interested_organizations_contains	['jobs', 'interested', 'organizations', 'contains', 'channel', 'telegram', 'chain', 'supply', 'japan', 'officer', 'sudan', 'currently']	40	needs_review
287	Maximum · Age · 30 · Reliable	287_maximum_age_30_reliable	['maximum', 'age', '30', 'reliable', 'coverage', 'khartoumjanjaweedcemetery', 'years', 'immediate', 'follow', 'sources', 'whatsapp', 'news']	40	needs_review
