Topic	Words	Frequency	Timestamp
-1	hemedti, persons, coordination, darfur, al	37	2023-01-01 07:26:24
0	switzerland, pledges, doctors, providing, continue	2	2023-01-01 07:26:24
1	qalabat, rejection, weapons, intelligence, widespread	2	2023-01-01 07:26:24
2	southern, threatens, lives, hunger, darfur	1	2023-01-01 07:26:24
4	inventory, transfer, arrangements, committee, khartoum	1	2023-01-01 07:26:24
5	land, boat, chad, libya, tragic	1	2023-01-01 07:26:24
7	university, reasons, students, schools, increasing	2	2023-01-01 07:26:24
8	provides, blue, nations, united, nile	1	2023-01-01 07:26:24
10	condemns, rape, woman, coordination, killing	1	2023-01-01 07:26:24
12	statistics, 2022, warn, 991, night	4	2023-01-01 07:26:24
13	trafficking, human, network, combating, workshop	12	2023-01-01 07:26:24
15	unhcr, appeal, help, opportunities, 41	3	2023-01-01 07:26:24
16	workers, abroad, arab, violators, view	4	2023-01-01 07:26:24
17	december, diaspora, revolution, writes, anniversary	2	2023-01-01 07:26:24
19	come, zakat, texts, view, allocating	3	2023-01-01 07:26:24
27	photo, watch, video, works, pays	2	2023-01-01 07:26:24
33	york, mocks, place, america, immigrants	2	2023-01-01 07:26:24
36	hand, issued, preparing, rights, cairo	1	2023-01-01 07:26:24
42	reveal, al, deteriorating, continued, attacks	1	2023-01-01 07:26:24
43	investments, immigration, 700, free, month	2	2023-01-01 07:26:24
46	dangerous, africans, huge, rates, migration	1	2023-01-01 07:26:24
48	dollars, white, south, nile, 16	3	2023-01-01 07:26:24
50	finance, visit, regarding, minister, south	1	2023-01-01 07:26:24
52	customs, delegation, inspects, crossings, border	1	2023-01-01 07:26:24
-1	earthquake, return, al, importance, turkey	28	2023-02-01 00:00:00
0	interventions, returnees, services, health, provide	1	2023-02-01 00:00:00
2	listens, francis, pope, poverty, hunger	1	2023-02-01 00:00:00
4	unity, said, 418, immigrated, donates	3	2023-02-01 00:00:00
5	resettlement, demand, difficult, living, chad	2	2023-02-01 00:00:00
6	migrants, boat, tunisia, coast, african	8	2023-02-01 00:00:00
7	enters, higher, educational, students, education	3	2023-02-01 00:00:00
10	women, igad, complaining, arresting, local	3	2023-02-01 00:00:00
11	minawi, fund, committees, sovereignty, return	2	2023-02-01 00:00:00
12	injured, central, killed, darfur, army	1	2023-02-01 00:00:00
13	trafficking, human, mastermind, police, operations	4	2023-02-01 00:00:00
14	prosecution, prize, peace, tunisia, migrant	2	2023-02-01 00:00:00
15	delivering, clear, progress, ethiopian, persons	1	2023-02-01 00:00:00
16	sparked, having, kuwait, abu, prosecution	3	2023-02-01 00:00:00
17	slogan, al, diaspora, freedom, revolution	1	2023-02-01 00:00:00
18	capital, locality, el, marra, jebel	1	2023-02-01 00:00:00
19	host, gedaref, ramadan, eid, zakat	1	2023-02-01 00:00:00
27	bus, makes, haven, asked, girl	1	2023-02-01 00:00:00
31	passports, determine, turkey, continuous, pay	2	2023-02-01 00:00:00
34	improving, fund, organization, office, migration	2	2023-02-01 00:00:00
36	sentences, moroccan, rights, association, prison	1	2023-02-01 00:00:00
39	transporting, earthquake, syrians, department, denies	1	2023-02-01 00:00:00
43	causes, illegal, social, immigration, economy	2	2023-02-01 00:00:00
48	dollars, raise, billion, plan, half	1	2023-02-01 00:00:00
-1	canada, persons, return, voluntary, justice	16	2023-03-03 00:00:00
3	kill, raid, bank, west, forces	1	2023-03-03 00:00:00
5	determine, generosity, events, hosting, assistant	3	2023-03-03 00:00:00
6	tunisia, boat, migrants, coast, sank	10	2023-03-03 00:00:00
7	eviction, subjected, university, students, forced	1	2023-03-03 00:00:00
8	30, violence, dead, nations, united	1	2023-03-03 00:00:00
10	women, demanding, protection, rape, complain	2	2023-03-03 00:00:00
11	al, community, countries, chad, uae	1	2023-03-03 00:00:00
13	trafficking, human, justice, ministry, combating	5	2023-03-03 00:00:00
14	law, draft, violates, british, describes	1	2023-03-03 00:00:00
16	russian, standing, mount, arabia, saudi	2	2023-03-03 00:00:00
17	emigrating, phenomenon, december, leaders, revolution	1	2023-03-03 00:00:00
18	reconstruction, geneina, provides, locality, aid	1	2023-03-03 00:00:00
19	surprise, awaits, ramadan, person, needs	1	2023-03-03 00:00:00
20	arbitrarily, afghan, detains, uae, seekers	1	2023-03-03 00:00:00
23	tensions, migration, burning, west, locality	2	2023-03-03 00:00:00
24	day, watch, video, surprises, arabi	2	2023-03-03 00:00:00
26	customs, border, crossings, triangle, crossing	3	2023-03-03 00:00:00
27	decided, airport, widely, farewell, tears	1	2023-03-03 00:00:00
32	expropriation, lands, wadi, halfa, protests	2	2023-03-03 00:00:00
37	abbas, expatriation, writes, money, bank	1	2023-03-03 00:00:00
39	syrian, syria, voluntary, country, return	1	2023-03-03 00:00:00
43	crashed, italy, dream, girl, end	1	2023-03-03 00:00:00
44	death, painful, confronting, tragedy, issues	1	2023-03-03 00:00:00
50	steps, regional, taking, announces, government	1	2023-03-03 00:00:00
53	blue, nile, arrival, returnees, 60	4	2023-03-03 00:00:00
-1	europe, called, mubarak, secretary, al	18	2023-04-02 00:00:00
0	40, collapse, warnings, fled, unhcr	1	2023-04-02 00:00:00
4	southern, arrival, white, fleeing, khartoum	1	2023-04-02 00:00:00
5	divided, family, agreement, borders, demands	1	2023-04-02 00:00:00
6	migrants, sfax, coast, african, boat	5	2023-04-02 00:00:00
7	salaam, es, dar, localities, training	1	2023-04-02 00:00:00
8	avoid, peace, efforts, urgent, nations	1	2023-04-02 00:00:00
11	arrive, outbreak, fighting, chad, uae	3	2023-04-02 00:00:00
12	confrontations, army, forces, north, killed	1	2023-04-02 00:00:00
14	italy, rising, confront, europe, emergency	1	2023-04-02 00:00:00
17	muhammad, writes, failure, diaspora, freedom	1	2023-04-02 00:00:00
20	allows, enter, visa, land, crossings	1	2023-04-02 00:00:00
21	numbers, reveals, morocco, border, harsh	3	2023-04-02 00:00:00
22	wars, tighten, merchants, blood, effects	5	2023-04-02 00:00:00
27	surprised, touching, hug, station, jeddah	1	2023-04-02 00:00:00
35	house, youssef, treat, libya, libyan	1	2023-04-02 00:00:00
43	reduce, colombia, intends, requests, threats	2	2023-04-02 00:00:00
-1	truce, invaded, donates, riyals, advantage	26	2023-05-02 00:00:00
4	gezira, period, receives, nyala, end	2	2023-05-02 00:00:00
5	awaiting, arduous, chad, escape, journey	5	2023-05-02 00:00:00
6	france, cross, immigrant, death, boat	2	2023-05-02 00:00:00
7	facilitating, taking, procedures, white, expatriates	1	2023-05-02 00:00:00
8	nations, united, calls, looting, general	9	2023-05-02 00:00:00
9	arrangements, ethiopian, wadalmahi, deportation, damazin	2	2023-05-02 00:00:00
10	kidnapping, history, janjaweed, rape, population	1	2023-05-02 00:00:00
11	official, reception, visits, praises, discuss	2	2023-05-02 00:00:00
12	lost, lives, clashes, result, army	1	2023-05-02 00:00:00
14	illegal, insulting, french, paris, immigration	2	2023-05-02 00:00:00
15	vulnerable, governorates, aswan, transporting, cover	1	2023-05-02 00:00:00
17	terror, journey, african, death, expatriates	1	2023-05-02 00:00:00
19	zakat, supplies, office, provides, expatriate	1	2023-05-02 00:00:00
21	providing, ports, fleeing, worry, contribute	3	2023-05-02 00:00:00
22	bitterness, catastrophe, hell, warnings, civilians	2	2023-05-02 00:00:00
23	migration, internal, forces, repercussions, internally	2	2023-05-02 00:00:00
34	organization, migration, 700, response, launches	2	2023-05-02 00:00:00
35	divided, confront, preparing, libya, worry	3	2023-05-02 00:00:00
37	flight, production, workers, economy, bank	1	2023-05-02 00:00:00
39	syrian, issue, elections, lebanon, fear	4	2023-05-02 00:00:00
41	stuck, eritrean, crises, clashes, armed	2	2023-05-02 00:00:00
44	horror, escape, journey, areas, fighting	1	2023-05-02 00:00:00
45	half, dead, result, thousand, increased	2	2023-05-02 00:00:00
51	bodies, zalingei, nyala, open, battles	1	2023-05-02 00:00:00
53	arrive, white, nile, south, blue	1	2023-05-02 00:00:00
-1	al, abdel, geneina, union, european	17	2023-06-01 00:00:00
0	health, treatment, amid, medical, centers	8	2023-06-01 00:00:00
1	seven, 19, tawila, area, clashes	1	2023-06-01 00:00:00
2	alleviate, effects, appeal, influx, humanitarian	1	2023-06-01 00:00:00
3	funding, scarcity, dire, basic, need	1	2023-06-01 00:00:00
4	good, man, season, maiqoma, supervision	5	2023-06-01 00:00:00
5	isolated, arduous, journey, south, border	1	2023-06-01 00:00:00
6	boat, migrant, coast, migrants, missing	14	2023-06-01 00:00:00
8	nations, united, inside, continues, expresses	5	2023-06-01 00:00:00
10	women, eritrea, sexual, kidnapping, crimes	4	2023-06-01 00:00:00
12	closed, clashes, borders, south, aerial	4	2023-06-01 00:00:00
13	seizes, recruitment, company, money, girl	1	2023-06-01 00:00:00
14	cost, readiness, reducing, european, rwanda	3	2023-06-01 00:00:00
15	recruitment, launch, campaign, danger, europe	2	2023-06-01 00:00:00
17	resettlement, diaspora, project, arab, freedom	1	2023-06-01 00:00:00
19	joy, home, eid, away, al	1	2023-06-01 00:00:00
20	egyptian, instead, emigrating, nationalities, public	2	2023-06-01 00:00:00
21	dire, receiving, crossings, egyptian, border	2	2023-06-01 00:00:00
22	months, streets, roads, reaches, bodies	3	2023-06-01 00:00:00
23	52, days, outbreak, migration, thousand	1	2023-06-01 00:00:00
25	unicef, children, danger, months, caused	3	2023-06-01 00:00:00
26	galabat, provision, directs, crossing, border	1	2023-06-01 00:00:00
31	press, implementation, idea, gulf, arabia	1	2023-06-01 00:00:00
38	listens, badi, capital, affected, relief	1	2023-06-01 00:00:00
43	twice, immigrant, sank, story, boat	1	2023-06-01 00:00:00
45	army, expatriates, increased, half, result	1	2023-06-01 00:00:00
47	survey, wad, madani, city, wave	1	2023-06-01 00:00:00
50	need, assistance, governor, urgent, north	1	2023-06-01 00:00:00
51	dangerous, survival, renewed, nyala, civilians	1	2023-06-01 00:00:00
-1	al, shelter, receive, city, housing	27	2023-07-01 00:00:00
0	outbreak, health, medical, expatriates, doctors	9	2023-07-01 00:00:00
2	welfare, dire, testimonies, union, child	2	2023-07-01 00:00:00
3	ain, began, continuation, camp, bbc	3	2023-07-01 00:00:00
4	quick, engineer, dr, problem, solution	2	2023-07-01 00:00:00
5	live, tragic, federation, chad, adri	4	2023-07-01 00:00:00
6	migrants, islands, african, missing, boat	6	2023-07-01 00:00:00
8	nations, united, conflict, yemen, reveals	5	2023-07-01 00:00:00
10	sexual, diseases, continue, warnings, violence	1	2023-07-01 00:00:00
11	sends, uae, aid, chad, humanitarian	1	2023-07-01 00:00:00
12	kordofan, west, army, clashes, battles	1	2023-07-01 00:00:00
13	trafficking, human, bud, theft, night	2	2023-07-01 00:00:00
14	illegal, tunisia, immigration, european, originate	5	2023-07-01 00:00:00
16	muslims, investigating, allegations, canada, labor	1	2023-07-01 00:00:00
17	diaspora, sahara, sahel, homeland, dream	1	2023-07-01 00:00:00
19	sparked, path, burning, controversy, statement	2	2023-07-01 00:00:00
20	prime, egyptian, lands, deport, authorities	2	2023-07-01 00:00:00
22	question, end, millions, reaches, hate	3	2023-07-01 00:00:00
24	nation, oh, lead, makes, far	1	2023-07-01 00:00:00
27	young, woman, asks, message, request	3	2023-07-01 00:00:00
28	marginalization, badri, written, muhammad, mahmoud	2	2023-07-01 00:00:00
29	14, area, thousand, rains, floods	1	2023-07-01 00:00:00
32	obtain, stand, decided, possible, december	3	2023-07-01 00:00:00
36	urges, rights, stop, mass, tunisia	1	2023-07-01 00:00:00
39	talk, syrians, tens, change, deportation	1	2023-07-01 00:00:00
41	eritrean, member, address, ethiopian, community	2	2023-07-01 00:00:00
44	time, painful, confronting, tragedy, issues	1	2023-07-01 00:00:00
45	stories, tell, increased, half, result	1	2023-07-01 00:00:00
46	welcome, light, migration, carrying, african	1	2023-07-01 00:00:00
48	confront, 13, needs, official, crisis	1	2023-07-01 00:00:00
51	begins, wave, darfur, battles, nyala	1	2023-07-01 00:00:00
53	nile, blue, discuss, arrangements, white	2	2023-07-01 00:00:00
-1	al, suffered, journalist, cross, red	29	2023-07-31 00:00:00
0	deteriorate, epidemics, alarming, overcrowding, besiege	4	2023-07-31 00:00:00
1	carries, ain, sites, strikes, air	2	2023-07-31 00:00:00
2	forced, labor, civilians, rights, west	3	2023-07-31 00:00:00
3	happening, jabr, ain, al, capital	2	2023-07-31 00:00:00
4	omdurman, electricity, khartoum, water, 80	7	2023-07-31 00:00:00
5	members, markets, chad, complaints, near	8	2023-07-31 00:00:00
6	coast, boat, italian, migrants, sank	6	2023-07-31 00:00:00
7	fake, fraud, heart, university, victims	1	2023-07-31 00:00:00
8	nations, united, alarming, rates, dead	8	2023-07-31 00:00:00
9	hundreds, ethiopia, guards, demonstrate, ethiopian	2	2023-07-31 00:00:00
11	chadian, distributes, chad, official, ready	7	2023-07-31 00:00:00
12	army, nyala, rapid, omdurman, forces	7	2023-07-31 00:00:00
13	trafficking, human, application, son, ransom	3	2023-07-31 00:00:00
15	appeals, unhcr, returnees, commissioner, high	1	2023-07-31 00:00:00
16	nationalities, riyadh, arresting, kuwait, revealing	2	2023-07-31 00:00:00
18	bad, newly, living, fasher, el	1	2023-07-31 00:00:00
22	expand, concerns, fate, ethiopian, battles	2	2023-07-31 00:00:00
23	fled, conflict, migration, start, organization	2	2023-07-31 00:00:00
24	brought, activist, female, syrians, attacks	1	2023-07-31 00:00:00
25	unicef, children, abyei, 700, caused	4	2023-07-31 00:00:00
26	inspects, crossing, border, customs, advisor	2	2023-07-31 00:00:00
27	sleeping, early, activist, way, reveals	1	2023-07-31 00:00:00
28	marginalization, written, omar, tell, start	1	2023-07-31 00:00:00
29	berber, heavy, rains, died, woman	1	2023-07-31 00:00:00
30	map, reports, forcibly, life, millions	2	2023-07-31 00:00:00
31	passports, administration, general, immigration, course	3	2023-07-31 00:00:00
32	traitors, popular, arresting, demand, deporting	1	2023-07-31 00:00:00
34	implements, projects, organization, locality, port	1	2023-07-31 00:00:00
36	guards, rights, report, saudi, hundreds	1	2023-07-31 00:00:00
39	syrian, data, lebanon, concerns, rights	1	2023-07-31 00:00:00
44	killing, painful, confronting, tragedy, issues	1	2023-07-31 00:00:00
50	governor, scenes, moving, visit, painful	2	2023-07-31 00:00:00
52	suspending, province, galabat, dar, confrontations	1	2023-07-31 00:00:00
-1	al, crescent, red, kutum, aid	31	2023-08-30 00:00:00
0	health, miscarriage, governorates, treat, medical	7	2023-08-30 00:00:00
2	feed, tragedy, strikes, darfur, children	8	2023-08-30 00:00:00
4	omdurman, khartoum, homes, shelters, governor	6	2023-08-30 00:00:00
6	migrants, boat, sank, migrant, tunisia	4	2023-08-30 00:00:00
7	students, refusal, minister, winter, egyptian	3	2023-08-30 00:00:00
8	ocha, conflict, nations, clashes, united	2	2023-08-30 00:00:00
10	women, poverty, groups, harassment, sexual	3	2023-08-30 00:00:00
11	held, protest, killed, chad, camp	1	2023-08-30 00:00:00
12	intensify, 200, tens, risen, nyala	3	2023-08-30 00:00:00
13	trafficking, human, network, berber, police	5	2023-08-30 00:00:00
14	doing, macron, file, pope, immigrant	1	2023-08-30 00:00:00
15	approach, rwandan, model, european, crisis	1	2023-08-30 00:00:00
17	diaspora, freedom, crowds, held, change	2	2023-08-30 00:00:00
18	events, assistant, geneina, 15, wounded	1	2023-08-30 00:00:00
20	wedding, ministers, celebrates, blackmailing, son	2	2023-08-30 00:00:00
21	wait, long, egyptian, border, registered	1	2023-08-30 00:00:00
22	reaches, exceeds, khartoum, millions, hate	2	2023-08-30 00:00:00
24	going, crowds, nour, met, riyadh	1	2023-08-30 00:00:00
25	children, unicef, says, deprived, highest	3	2023-08-30 00:00:00
28	circumstances, eviction, famous, painful, marginalization	1	2023-08-30 00:00:00
29	43, supplies, floods, 50, agency	2	2023-08-30 00:00:00
30	nearly, horrific, internally, living, civilians	2	2023-08-30 00:00:00
32	turned, destroyed, raped, large, khartoum	1	2023-08-30 00:00:00
36	ignoring, rights, stop, violations, union	1	2023-08-30 00:00:00
37	forming, investments, committee, expatriate, bank	1	2023-08-30 00:00:00
42	urgently, intervene, mashad, kalma, relief	1	2023-08-30 00:00:00
45	risen, increased, result, half, positive	2	2023-08-30 00:00:00
48	wins, prize, global, 100, dollars	1	2023-08-30 00:00:00
49	medicine, suffer, water, food, lack	1	2023-08-30 00:00:00
50	governor, sends, need, north, urgent	2	2023-08-30 00:00:00
-1	al, processing, river, approximately, water	21	2023-09-29 00:00:00
0	rising, deaths, chad, water, lack	7	2023-09-29 00:00:00
1	zalingei, wounded, dead, attack, artillery	4	2023-09-29 00:00:00
2	kordofan, complain, south, humanitarian, poor	2	2023-09-29 00:00:00
3	gaza, inside, mutual, 123, counts	10	2023-09-29 00:00:00
4	returnee, kurmuk, reviews, convoy, arrangements	1	2023-09-29 00:00:00
5	chad, live, deteriorating, priority, eastern	6	2023-09-29 00:00:00
6	questions, financial, rejects, tunisian, president	1	2023-09-29 00:00:00
7	schools, education, educational, resist, angry	6	2023-09-29 00:00:00
8	arms, distributed, nations, shipments, united	4	2023-09-29 00:00:00
10	women, production, lift, moroccan, projects	2	2023-09-29 00:00:00
11	paths, chad, uae, macron, federal	7	2023-09-29 00:00:00
12	calm, battles, 100, capital, army	4	2023-09-29 00:00:00
13	trafficking, human, recruitment, sides, accusations	2	2023-09-29 00:00:00
15	unhcr, asks, today, localities, problems	3	2023-09-29 00:00:00
17	say, freedom, change, diaspora, revolution	1	2023-09-29 00:00:00
18	deteriorate, worsens, health, suffering, gedaref	1	2023-09-29 00:00:00
20	kuwaiti, names, deports, interior, egyptian	1	2023-09-29 00:00:00
22	combat, areas, thousand, millions, reaches	1	2023-09-29 00:00:00
23	internal, faces, migration, largest, world	1	2023-09-29 00:00:00
24	good, arabi, friend, social, followers	1	2023-09-29 00:00:00
26	inspects, al, demands, crossing, border	1	2023-09-29 00:00:00
27	girls, trip, karo, green, farms	1	2023-09-29 00:00:00
30	70, iom, idps, faces, internal	2	2023-09-29 00:00:00
31	dealing, jeddah, consulate, passports, problems	1	2023-09-29 00:00:00
32	rise, states, khartoum, battle, expropriation	1	2023-09-29 00:00:00
37	wealth, economic, hopes, push, hassan	2	2023-09-29 00:00:00
42	siege, rsf, faces, zalingei, difficult	1	2023-09-29 00:00:00
45	increased, outbreak, half, result, positive	1	2023-09-29 00:00:00
46	season, migration, victim, timbuktu, african	3	2023-09-29 00:00:00
49	expired, demonstrate, supplies, distribution, food	1	2023-09-29 00:00:00
50	reassures, governor, kordofan, homes, return	1	2023-09-29 00:00:00
53	arrived, armed, white, areas, nile	1	2023-09-29 00:00:00
-1	al, shelter, statement, redemption, sexy	27	2023-10-29 00:00:00
0	cards, action, escalating, diseases, urgent	3	2023-10-29 00:00:00
1	matrix, break, truce, lebanese, advantage	3	2023-10-29 00:00:00
2	sahel, dire, kalma, materials, humanitarian	3	2023-10-29 00:00:00
3	gaza, bombing, school, housing, al	10	2023-10-29 00:00:00
4	brings, source, strange, slogan, livelihood	2	2023-10-29 00:00:00
5	volunteers, come, youth, help, fleeing	1	2023-10-29 00:00:00
7	education, announces, schools, starting, expelling	4	2023-10-29 00:00:00
8	nations, united, counts, concerned, 52	3	2023-10-29 00:00:00
10	women, denial, gave, risks, right	2	2023-10-29 00:00:00
11	accepted, demanding, thousand, chad, camp	1	2023-10-29 00:00:00
12	locality, clashes, result, south, darfur	2	2023-10-29 00:00:00
13	africa, trafficking, human, network, victims	1	2023-10-29 00:00:00
14	immigrant, won, dutch, far, major	2	2023-10-29 00:00:00
16	carry, joint, local, campaign, al	1	2023-10-29 00:00:00
18	significant, italian, distribution, materials, rates	2	2023-10-29 00:00:00
20	public, reasons, foreigners, deport, decision	1	2023-10-29 00:00:00
22	hate, victory, love, month, girl	1	2023-10-29 00:00:00
23	700, reports, migration, west, deaths	1	2023-10-29 00:00:00
24	watch, video, tariq, mock, rehearsal	2	2023-10-29 00:00:00
25	largest, child, children, unicef, world	5	2023-10-29 00:00:00
26	opening, crossing, arrangements, al, border	2	2023-10-29 00:00:00
27	photo, watch, video, girl, expatriate	6	2023-10-29 00:00:00
28	marginalization, written, racism, plight, bitter	2	2023-10-29 00:00:00
31	general, passports, secretary, administration, discusses	3	2023-10-29 00:00:00
32	solidarity, standing, english, invaded, daughters	2	2023-10-29 00:00:00
36	rights, tear, imprisonment, gas, expulsion	2	2023-10-29 00:00:00
38	equipment, hygiene, distribute, launch, pictures	1	2023-10-29 00:00:00
42	use, life, al, denounce, concerned	3	2023-10-29 00:00:00
-1	wad, al, madani, kassala, medani	39	2023-11-28 00:00:00
1	wad, madani, rapid, army, movement	8	2023-11-28 00:00:00
2	al, tragic, darfur, north, south	2	2023-11-28 00:00:00
3	gaza, expands, ground, infant, escape	2	2023-11-28 00:00:00
4	khartoum, citizens, humiliation, awliya, jabal	8	2023-11-28 00:00:00
5	refuge, exit, searching, collapse, safe	1	2023-11-28 00:00:00
7	studying, students, education, russia, ukraine	2	2023-11-28 00:00:00
8	escalation, violations, warns, violence, council	3	2023-11-28 00:00:00
11	uae, aid, south, chad, visits	1	2023-11-28 00:00:00
12	wad, outskirts, medani, salaam, es	4	2023-11-28 00:00:00
14	amendments, parliament, immigration, dubai, arrivals	3	2023-11-28 00:00:00
15	withdraw, laws, unhcr, worsens, status	2	2023-11-28 00:00:00
17	pain, diaspora, freedom, revolution, arabs	2	2023-11-28 00:00:00
18	line, yunis, khan, water, locality	1	2023-11-28 00:00:00
22	threat, lives, face, forces, citizens	2	2023-11-28 00:00:00
24	let, watch, dance, arabi, tried	2	2023-11-28 00:00:00
25	unicef, jazira, days, al, children	1	2023-11-28 00:00:00
26	customs, director, border, crossing, eritrea	2	2023-11-28 00:00:00
27	pay, photo, watch, video, clothes	2	2023-11-28 00:00:00
28	memory, marginalization, criticism, muhammad, mahmoud	1	2023-11-28 00:00:00
29	damazin, waves, cross, receives, high	1	2023-11-28 00:00:00
31	passports, readiness, departments, administration, general	2	2023-11-28 00:00:00
34	assistance, wadi, provides, halfa, 43	2	2023-11-28 00:00:00
37	originate, billion, repercussions, causes, egyptians	2	2023-11-28 00:00:00
38	al, club, volunteers, doors, mirghani	1	2023-11-28 00:00:00
44	survival, solution, wad, madani, painful	2	2023-11-28 00:00:00
49	deadly, epidemics, winter, risk, famine	1	2023-11-28 00:00:00
53	blue, treatment, returnees, region, nile	1	2023-11-28 00:00:00
-1	intelligence, prevents, psychological, babanusa, week	32	2023-12-28 00:00:00
0	exacerbated, childbirth, illnesses, capabilities, scarcity	4	2023-12-28 00:00:00
1	zone, injuries, near, wad, madani	2	2023-12-28 00:00:00
3	gaza, summit, rejects, bank, west	6	2023-12-28 00:00:00
4	green, continuous, sea, flow, cities	2	2023-12-28 00:00:00
7	stresses, egyptian, students, ministry, immigration	1	2023-12-28 00:00:00
8	allocates, nations, united, emergency, massive	2	2023-12-28 00:00:00
10	women, sports, harassment, resist, rape	2	2023-12-28 00:00:00
11	week, died, eastern, children, chad	1	2023-12-28 00:00:00
12	reaching, prevents, air, strikes, kordofan	2	2023-12-28 00:00:00
14	german, constitutional, controversial, law, rejects	2	2023-12-28 00:00:00
15	salman, king, sign, unhcr, agreement	1	2023-12-28 00:00:00
16	al, territory, details, saudi, reveals	1	2023-12-28 00:00:00
17	arab, diaspora, freedom, revolution, arabs	1	2023-12-28 00:00:00
18	shortages, spread, suffer, zamzam, food	1	2023-12-28 00:00:00
19	son, painful, lost, story, death	1	2023-12-28 00:00:00
20	spokesman, position, egyptian, attack, government	1	2023-12-28 00:00:00
21	question, want, deport, residents, countries	1	2023-12-28 00:00:00
22	destruction, 2023, millions, reverse, deaths	3	2023-12-28 00:00:00
23	migration, 10, conflicts, start, western	5	2023-12-28 00:00:00
25	unicef, child, largest, world, crisis	1	2023-12-28 00:00:00
28	myth, marginalization, muhammad, mahmoud, issues	1	2023-12-28 00:00:00
30	approaching, internally, statistics, quarter, record	2	2023-12-28 00:00:00
34	organization, assistance, migration, provides, internally	2	2023-12-28 00:00:00
37	money, amid, bank, prohibits, billion	1	2023-12-28 00:00:00
40	uganda, supports, 300, canada, complain	2	2023-12-28 00:00:00
45	know, beginning, time, increased, half	1	2023-12-28 00:00:00
47	babanusa, al, wave, city, citizens	1	2023-12-28 00:00:00
49	care, 500, suffer, food, water	1	2023-12-28 00:00:00
52	orders, strict, control, president, border	1	2023-12-28 00:00:00
-1	al, affairs, hunger, fines, huge	40	2024-01-27 00:00:00
0	transit, newborn, significant, world, health	4	2024-01-27 00:00:00
1	limited, expand, clashes, injuries, babanusa	3	2024-01-27 00:00:00
2	hunger, darfur, eat, feed, spokesman	5	2024-01-27 00:00:00
3	awaiting, horror, lives, gaza, bombing	2	2024-01-27 00:00:00
4	buses, receive, willing, neighbors, arriving	1	2024-01-27 00:00:00
5	crowded, crimean, face, wait, south	4	2024-01-27 00:00:00
6	27, bodies, missing, 13, tunisia	1	2024-01-27 00:00:00
7	students, charitable, alternative, initiatives, education	4	2024-01-27 00:00:00
8	nations, united, response, caused, plan	6	2024-01-27 00:00:00
9	cases, rape, ethiopia, lack, water	1	2024-01-27 00:00:00
10	women, sexual, reflects, vulnerable, rape	4	2024-01-27 00:00:00
11	cairo, affected, discusses, issues, visits	7	2024-01-27 00:00:00
13	price, trafficking, human, libya, darfur	1	2024-01-27 00:00:00
14	grandi, europe, influx, warns, migrants	1	2024-01-27 00:00:00
15	response, plan, launching, 2024, year	1	2024-01-27 00:00:00
16	complete, fine, riyals, 30, failure	1	2024-01-27 00:00:00
18	rahid, drinking, suffering, exacerbates, al	3	2024-01-27 00:00:00
19	traditions, ramadan, customs, year, eid	1	2024-01-27 00:00:00
20	constitutional, complaint, appeals, deport, egyptian	1	2024-01-27 00:00:00
21	flood, avoid, long, borders, crossing	1	2024-01-27 00:00:00
22	disastrous, perpetrators, conflicts, flee, witnessing	2	2024-01-27 00:00:00
23	doing, migration, western, 10, al	2	2024-01-27 00:00:00
24	ahmed, famous, watch, video, complaint	4	2024-01-27 00:00:00
25	children, unicef, atrocities, child, 300	3	2024-01-27 00:00:00
26	ports, 24, attempts, hours, smuggling	1	2024-01-27 00:00:00
27	families, failure, photo, watch, video	1	2024-01-27 00:00:00
31	agency, expatriates, passports, administration, general	1	2024-01-27 00:00:00
33	immigrants, wins, elections, mass, military	2	2024-01-27 00:00:00
35	libya, aid, libyan, accident, kufra	1	2024-01-27 00:00:00
36	prosecutor, rights, court, mashad, welcomes	1	2024-01-27 00:00:00
38	basket, distribute, inauguration, cash, batch	6	2024-01-27 00:00:00
39	horrors, syrian, paths, escape, diaspora	1	2024-01-27 00:00:00
43	power, come, western, immigrants, countries	1	2024-01-27 00:00:00
44	besieged, far, away, problem, inside	1	2024-01-27 00:00:00
45	positive, situations, april, starvation, babanusa	3	2024-01-27 00:00:00
46	tribes, second, northern, migration, carrying	1	2024-01-27 00:00:00
49	risks, chadian, official, food, warns	1	2024-01-27 00:00:00
51	search, peace, leave, force, safe	1	2024-01-27 00:00:00
-1	al, aid, zain, food, meals	37	2024-02-26 00:00:00
0	dongola, malnutrition, health, center, opens	5	2024-02-26 00:00:00
1	jazeera, looted, rebel, mashad, outside	2	2024-02-26 00:00:00
2	darfur, humanitarian, south, situation, republic	7	2024-02-26 00:00:00
3	gaza, convoys, blinken, shows, entering	2	2024-02-26 00:00:00
4	learn, omdurman, story, locality, video	1	2024-02-26 00:00:00
5	overcrowding, deterioration, chad, camps, fled	3	2024-02-26 00:00:00
6	rescue, bodies, tunisian, coast, announces	1	2024-02-26 00:00:00
7	raise, identity, capabilities, zain, education	2	2024-02-26 00:00:00
8	secretary, general, cairo, nations, united	1	2024-02-26 00:00:00
10	raped, women, kalma, girls, including	2	2024-02-26 00:00:00
11	visits, delegation, eastern, chad, camp	1	2024-02-26 00:00:00
12	40, kordofan, attack, result, south	1	2024-02-26 00:00:00
13	sultanate, rescues, trafficking, victims, money	2	2024-02-26 00:00:00
14	billions, funding, combat, european, union	1	2024-02-26 00:00:00
15	course, aswan, organize, training, syrians	2	2024-02-26 00:00:00
16	islamic, studies, french, leaves, tunisian	1	2024-02-26 00:00:00
18	hotel, turned, bbc, kalma, specter	3	2024-02-26 00:00:00
19	ramadan, prices, zakat, priority, giving	9	2024-02-26 00:00:00
23	escalation, youth, migration, 10, population	1	2024-02-26 00:00:00
25	children, unicef, child, largest, world	1	2024-02-26 00:00:00
26	positive, flow, crossings, development, border	1	2024-02-26 00:00:00
31	basket, department, passports, ramadan, northern	1	2024-02-26 00:00:00
32	battle, mercenaries, remain, arabs, diaspora	1	2024-02-26 00:00:00
33	biden, presidential, deal, race, policies	2	2024-02-26 00:00:00
35	treated, like, al, libya, libyan	1	2024-02-26 00:00:00
37	increased, egyptian, bank, money, prohibits	1	2024-02-26 00:00:00
40	uganda, obtain, disabled, grant, elderly	3	2024-02-26 00:00:00
43	lose, ongoing, economy, battle, does	1	2024-02-26 00:00:00
44	tragedy, painful, confronting, issues, systematic	1	2024-02-26 00:00:00
45	increased, result, half, holocaust, 48	1	2024-02-26 00:00:00
47	18, sinar, muya, mount, jazira	1	2024-02-26 00:00:00
49	stop, program, food, verge, aid	3	2024-02-26 00:00:00
-1	al, interventions, home, shindi, major	44	2024-03-27 00:00:00
0	field, hospital, circumcision, patients, double	6	2024-03-27 00:00:00
1	rapid, villages, attacks, al, fasher	8	2024-03-27 00:00:00
2	darfur, humanitarian, deterioration, continuous, trucks	5	2024-03-27 00:00:00
3	gaza, arabs, kamal, approach, article	4	2024-03-27 00:00:00
4	electricity, hope, want, returning, nyala	3	2024-03-27 00:00:00
5	exploiting, make, accept, crises, worsening	2	2024-03-27 00:00:00
6	boat, rescues, morocco, coast, sank	3	2024-03-27 00:00:00
7	schools, removing, besieged, denies, force	2	2024-03-27 00:00:00
8	nations, united, urgently, joint, discussing	3	2024-03-27 00:00:00
9	deteriorating, ethiopia, security, camps, ethiopian	1	2024-03-27 00:00:00
10	women, waiting, raped, 50, psychological	2	2024-03-27 00:00:00
11	special, opens, field, uae, visits	2	2024-03-27 00:00:00
12	kordofan, army, result, splm, expected	5	2024-03-27 00:00:00
14	rwanda, britain, seekers, asylum, controversial	2	2024-03-27 00:00:00
15	head, europe, high, commissioner, unhcr	1	2024-03-27 00:00:00
16	organize, preventing, fees, countries, taking	5	2024-03-27 00:00:00
17	diaspora, asylum, freedom, revolution, arabs	1	2024-03-27 00:00:00
18	panic, harsh, west, villages, fasher	1	2024-03-27 00:00:00
19	ramadan, memory, blood, start, outside	2	2024-03-27 00:00:00
20	133, guests, ministers, live, egyptian	1	2024-03-27 00:00:00
21	registered, reaching, waiting, rate, 300	1	2024-03-27 00:00:00
22	paying, going, price, millions, year	1	2024-03-27 00:00:00
23	internal, witnessing, migration, largest, world	1	2024-03-27 00:00:00
27	followers, watch, video, outfits, message	2	2024-03-27 00:00:00
28	identity, marginalization, struggle, muhammad, mahmoud	2	2024-03-27 00:00:00
31	passports, greeting, airport, administration, organizes	1	2024-03-27 00:00:00
33	biden, animals, path, legal, immigrants	2	2024-03-27 00:00:00
36	27, stop, rights, violations, organizations	1	2024-03-27 00:00:00
37	contribute, market, labor, egyptian, immigrants	1	2024-03-27 00:00:00
38	isnaad, launching, quick, working, initiative	2	2024-03-27 00:00:00
40	uganda, safe, traditions, kampala, resist	3	2024-03-27 00:00:00
42	demonstrate, protest, lack, gedaref, food	1	2024-03-27 00:00:00
44	systematic, occupation, painful, confronting, tragedy	1	2024-03-27 00:00:00
49	food, cut, received, hundreds, forced	1	2024-03-27 00:00:00
-1	horrific, al, fasher, hassan, job	38	2024-04-26 00:00:00
0	medicine, health, gedaref, grants, hardships	7	2024-04-26 00:00:00
1	fasher, el, rapid, artillery, shouk	17	2024-04-26 00:00:00
2	hunger, darfur, shouk, camp, besieges	6	2024-04-26 00:00:00
3	gaza, nour, anniversary, know, bombardment	11	2024-04-26 00:00:00
4	omdurman, atbara, dinka, choice, cruel	6	2024-04-26 00:00:00
5	triangle, standards, double, chad, increasing	3	2024-04-26 00:00:00
6	tunisia, deports, migrants, boat, capital	6	2024-04-26 00:00:00
7	schools, school, students, committee, education	16	2024-04-26 00:00:00
9	ethiopia, ethiopian, flee, forests, practices	9	2024-04-26 00:00:00
10	accused, shendi, report, initiative, woman	1	2024-04-26 00:00:00
11	eastern, killed, chad, camp, uae	1	2024-04-26 00:00:00
12	air, sites, shelling, artillery, exchange	2	2024-04-26 00:00:00
14	does, asylum, reject, seekers, decision	6	2024-04-26 00:00:00
15	violation, monitors, unhcr, omdurman, agreements	3	2024-04-26 00:00:00
16	hajj, pilgrims, exit, accommodation, kuwait	4	2024-04-26 00:00:00
17	diaspora, arabs, sweat, brothers, homeland	3	2024-04-26 00:00:00
18	60, flee, shouk, force, violations	1	2024-04-26 00:00:00
19	repercussions, including, ramadan, eid, zakat	1	2024-04-26 00:00:00
20	lift, improving, secret, travel, ban	3	2024-04-26 00:00:00
22	hell, escape, millions, reaches, hate	1	2024-04-26 00:00:00
24	watch, video, tired, steals, arrests	4	2024-04-26 00:00:00
25	child, facing, largest, world, crisis	1	2024-04-26 00:00:00
28	marginalization, muhammad, mahmoud, issues, written	1	2024-04-26 00:00:00
30	recorded, ask, record, report, situation	2	2024-04-26 00:00:00
32	marches, al, bombing, wave, result	2	2024-04-26 00:00:00
33	tighten, laws, immigrants, states, immigration	2	2024-04-26 00:00:00
35	concerned, libya, libyan, accident, kufra	1	2024-04-26 00:00:00
36	rahman, rights, expulsion, abdul, group	2	2024-04-26 00:00:00
38	salman, king, enters, distributes, baskets	2	2024-04-26 00:00:00
39	syrian, lebanon, issue, strongly, jordan	3	2024-04-26 00:00:00
40	bleak, uganda, picture, suffering, integration	1	2024-04-26 00:00:00
41	survived, driver, shooting, ethiopia, killed	1	2024-04-26 00:00:00
43	random, appear, results, 2024, america	2	2024-04-26 00:00:00
46	hague, carrying, season, migration, marra	2	2024-04-26 00:00:00
-1	al, commissioner, fasher, high, el	56	2024-05-26 00:00:00
0	health, ways, camps, moving, discussing	4	2024-05-26 00:00:00
1	fasher, el, shelling, artillery, rapid	7	2024-05-26 00:00:00
2	darfur, osha, feed, responds, makes	6	2024-05-26 00:00:00
3	tents, bombing, gaza, soldier, shooting	8	2024-05-26 00:00:00
4	muya, mount, control, sennar, hundreds	4	2024-05-26 00:00:00
5	amhara, democratic, awaits, mechanism, imminent	4	2024-05-26 00:00:00
6	say, building, sfax, die, coast	2	2024-05-26 00:00:00
7	education, kassala, enters, schools, line	3	2024-05-26 00:00:00
8	result, nations, united, warns, conflict	1	2024-05-26 00:00:00
9	ethiopia, forests, ethiopian, complaints, miserable	15	2024-05-26 00:00:00
10	female, doctors, suffering, women, sexual	1	2024-05-26 00:00:00
11	welcomes, work, make, commitment, governments	5	2024-05-26 00:00:00
13	trafficking, human, victims, arrested, foreign	6	2024-05-26 00:00:00
15	unhcr, commissioner, influx, massive, organizations	6	2024-05-26 00:00:00
16	hajj, violators, permits, fraud, expensive	3	2024-05-26 00:00:00
17	diaspora, attawa, thoughts, failure, dream	2	2024-05-26 00:00:00
18	al, locality, distribution, appeals, marra	3	2024-05-26 00:00:00
19	eid, family, al, joy, sadness	4	2024-05-26 00:00:00
20	egyptian, arqin, deported, 700, receives	8	2024-05-26 00:00:00
21	economic, buses, seized, political, residency	2	2024-05-26 00:00:00
23	migration, 10, quarter, population, reach	3	2024-05-26 00:00:00
24	describes, left, hemedti, poor, attacks	1	2024-05-26 00:00:00
28	marginalization, mahmoud, muhammad, issues, pastoralist	3	2024-05-26 00:00:00
29	tell, stories, horrific, tawila, waves	2	2024-05-26 00:00:00
30	statistics, quarter, internally, regarding, population	4	2024-05-26 00:00:00
31	passports, administration, pilgrims, administrative, groups	2	2024-05-26 00:00:00
32	al, twice, militia, federal, expelled	2	2024-05-26 00:00:00
33	biden, announce, mexico, absorb, criticism	2	2024-05-26 00:00:00
35	accident, traffic, libyan, libya, kufra	4	2024-05-26 00:00:00
36	stop, deporting, accuses, authorities, egyptian	6	2024-05-26 00:00:00
37	billion, authority, approximately, told, reasons	1	2024-05-26 00:00:00
38	volunteers, provide, area, fleeing, city	1	2024-05-26 00:00:00
39	haven, syrian, lebanon, issue, lebanese	1	2024-05-26 00:00:00
42	siege, worsens, receives, zamzam, result	1	2024-05-26 00:00:00
43	seeking, enemy, america, reach, threatens	1	2024-05-26 00:00:00
46	carrying, marra, jebel, african, migration	3	2024-05-26 00:00:00
47	neighboring, areas, wave, fasher, el	1	2024-05-26 00:00:00
48	18, america, provides, dollars, 16	1	2024-05-26 00:00:00
51	regional, authority, residents, continues, forced	1	2024-05-26 00:00:00
53	returnee, flows, meet, blue, needs	1	2024-05-26 00:00:00
-1	al, sennar, gedaref, sinja, fasher	78	2024-06-25 00:00:00
0	health, diseases, medical, spread, sinja	12	2024-06-25 00:00:00
1	rapid, fasher, al, el, artillery	7	2024-06-25 00:00:00
2	homeless, humanitarian, sinar, darfur, disaster	11	2024-06-25 00:00:00
3	yunis, khan, gaza, raid, occupation	8	2024-06-25 00:00:00
4	sennar, sinjah, blue, markets, gedaref	13	2024-06-25 00:00:00
5	kufra, deteriorated, tens, chad, adre	6	2024-06-25 00:00:00
6	english, french, sank, coast, boat	2	2024-06-25 00:00:00
7	schools, students, preparation, effort, education	7	2024-06-25 00:00:00
8	nations, united, planning, inability, seeks	4	2024-06-25 00:00:00
9	ethiopia, ethiopian, olala, forest, set	17	2024-06-25 00:00:00
10	women, doubles, violence, rape, sahara	7	2024-06-25 00:00:00
11	mechanisms, controlling, khaled, joint, ambassador	2	2024-06-25 00:00:00
12	55, fighting, sinja, sennar, battles	8	2024-06-25 00:00:00
13	trafficking, human, combating, pretext, abuse	5	2024-06-25 00:00:00
14	immigration, european, union, illegal, sign	10	2024-06-25 00:00:00
15	unhcr, exacerbates, influx, emergency, continued	6	2024-06-25 00:00:00
16	al, expensive, foreigners, cities, begins	5	2024-06-25 00:00:00
17	jamal, diaspora, success, forum, project	3	2024-06-25 00:00:00
18	dinder, pillar, farm, refused, car	5	2024-06-25 00:00:00
19	model, protect, god, shalatin, follows	3	2024-06-25 00:00:00
20	violates, deports, stresses, controls, residency	6	2024-06-25 00:00:00
21	incitement, campaigns, risk, deportation, harsh	9	2024-06-25 00:00:00
23	migration, population, 328, leads, 10	5	2024-06-25 00:00:00
24	watch, video, mocks, citizen, youth	5	2024-06-25 00:00:00
25	unicef, children, child, told, witnessing	2	2024-06-25 00:00:00
26	announce, qalabat, flow, crossing, border	1	2024-06-25 00:00:00
28	marginalization, mahmoud, muhammad, issues, written	4	2024-06-25 00:00:00
29	levels, worsen, gash, reaches, rising	2	2024-06-25 00:00:00
30	studying, 328, reached, exceeds, despite	4	2024-06-25 00:00:00
31	passports, administration, authority, general, service	2	2024-06-25 00:00:00
34	organization, migration, sums, dongola, cash	2	2024-06-25 00:00:00
35	libya, libyan, kufra, trade, brothers	4	2024-06-25 00:00:00
37	commodity, doubles, decline, kosti, rise	2	2024-06-25 00:00:00
38	carry, volunteers, distribute, neighborhood, meals	1	2024-06-25 00:00:00
39	syrian, reality, besieging, lebanon, dream	1	2024-06-25 00:00:00
40	uganda, reality, kriandingo, miserable, crowded	3	2024-06-25 00:00:00
41	armed, attack, ethiopia, ethiopian, comer	9	2024-06-25 00:00:00
42	deterioration, reception, mashad, sinnar, criminal	2	2024-06-25 00:00:00
46	season, africa, doctors, migration, fleeing	2	2024-06-25 00:00:00
47	residents, al, wave, fasher, sinja	3	2024-06-25 00:00:00
48	pounds, britain, dollars, 16, agency	1	2024-06-25 00:00:00
50	urges, official, community, fled, government	1	2024-06-25 00:00:00
51	civilians, continued, battles, sennar, nyala	1	2024-06-25 00:00:00
52	ignoring, accuses, ambassador, control, border	2	2024-06-25 00:00:00
-1	al, floods, port, aid, shelter	32	2024-07-25 00:00:00
0	village, outbreak, water, river, nile	1	2024-07-25 00:00:00
1	taqaddum, division, dinder, bullets, supplies	3	2024-07-25 00:00:00
2	darfur, famine, denies, north, reports	6	2024-07-25 00:00:00
4	rain, fear, sennar, merchants, sweat	3	2024-07-25 00:00:00
5	haunt, equality, situations, 15, beginning	2	2024-07-25 00:00:00
9	ethiopia, foot, olala, forests, forest	3	2024-07-25 00:00:00
10	women, raped, testimony, age, threats	4	2024-07-25 00:00:00
11	chad, neighboring, ministry, foreign, strategy	5	2024-07-25 00:00:00
12	zamzam, aviation, receives, battles, army	2	2024-07-25 00:00:00
16	kuwait, qatari, accelerate, violators, platform	3	2024-07-25 00:00:00
17	thought, forum, moving, importance, diaspora	1	2024-07-25 00:00:00
18	warehouses, jabal, market, kosti, coming	1	2024-07-25 00:00:00
19	flows, zakat, office, affected, region	1	2024-07-25 00:00:00
23	catastrophic, collapse, says, migration, situation	1	2024-07-25 00:00:00
24	nada, blow, surprises, livelihood, returns	1	2024-07-25 00:00:00
26	sovereignty, council, border, crossing, adre	7	2024-07-25 00:00:00
27	explains, refuses, clear, requests, doctor	1	2024-07-25 00:00:00
29	floods, rains, heavy, kassala, thousand	5	2024-07-25 00:00:00
30	country, world, internally, statistics, quarter	2	2024-07-25 00:00:00
33	deprives, immigration, immigrants, biden, threatens	1	2024-07-25 00:00:00
34	organization, mission, tens, head, migration	2	2024-07-25 00:00:00
35	accident, traffic, claims, kufra, libya	2	2024-07-25 00:00:00
36	gathering, equality, welcome, sovereignty, justice	1	2024-07-25 00:00:00
38	al, governorate, damazin, distributes, peace	1	2024-07-25 00:00:00
41	armed, attack, ethiopia, ethiopian, stuck	1	2024-07-25 00:00:00
52	geneva, talks, welcome, crossing, border	3	2024-07-25 00:00:00
-1	al, floods, migration, red, shelter	44	2024-08-24 00:00:00
0	health, doctors, world, level, disease	14	2024-08-24 00:00:00
1	rapid, bombing, salamat, fasher, el	4	2024-08-24 00:00:00
2	starvation, darfur, north, warnings, tragic	6	2024-08-24 00:00:00
3	gaza, recruited, crowds, raid, yunis	4	2024-08-24 00:00:00
4	leaving, mellit, continues, wave, city	1	2024-08-24 00:00:00
5	libya, isnaad, gathering, standards, important	6	2024-08-24 00:00:00
7	begun, transfer, education, schools, arrangements	4	2024-08-24 00:00:00
8	nations, united, pays, sake, aviation	3	2024-08-24 00:00:00
9	searching, ethiopia, lost, journey, transit	3	2024-08-24 00:00:00
10	women, protection, official, pregnant, raped	8	2024-08-24 00:00:00
11	uae, chad, blood, rsf, pay	4	2024-08-24 00:00:00
12	leads, violent, fighting, wave, khartoum	1	2024-08-24 00:00:00
15	commissioner, situation, 52, care, protection	3	2024-08-24 00:00:00
18	dinder, line, marra, jebel, harsh	2	2024-08-24 00:00:00
20	obtaining, despite, deport, authorities, egyptian	1	2024-08-24 00:00:00
22	yemen, weapon, using, eviction, risk	2	2024-08-24 00:00:00
29	torrential, rains, linking, road, cut	2	2024-08-24 00:00:00
30	according, reports, 12, nations, united	1	2024-08-24 00:00:00
31	visa, today, season, britain, stop	1	2024-08-24 00:00:00
33	immigrants, steps, eating, eat, claims	3	2024-08-24 00:00:00
34	arrivals, partners, dongola, distribute, migration	3	2024-08-24 00:00:00
37	bank, prohibits, central, granting, switzerland	4	2024-08-24 00:00:00
40	uganda, massive, influx, integration, difficulties	1	2024-08-24 00:00:00
41	stranded, danger, ethiopian, face, battles	1	2024-08-24 00:00:00
42	al, reception, atbara, visits, harsh	2	2024-08-24 00:00:00
43	grants, global, citizenship, gives, economy	2	2024-08-24 00:00:00
45	holocaust, survived, testimony, happened, look	1	2024-08-24 00:00:00
51	houses, fall, committees, resistance, collapse	1	2024-08-24 00:00:00
-1	al, arab, expatriate, hospice, baskets	37	2024-09-23 00:00:00
0	health, besiege, disease, eastern, looting	17	2024-09-23 00:00:00
1	shelling, artillery, rapid, mutual, fasher	5	2024-09-23 00:00:00
2	refuse, bases, gave, 24, sets	3	2024-09-23 00:00:00
3	gaza, martyrs, raid, tents, burning	3	2024-09-23 00:00:00
4	gezira, massive, continued, families, citizens	2	2024-09-23 00:00:00
5	protest, africa, lack, central, aid	1	2024-09-23 00:00:00
7	university, initiative, schools, students, prepare	6	2024-09-23 00:00:00
8	warns, nations, united, worsening, continuation	5	2024-09-23 00:00:00
9	ethiopia, asylum, rights, battles, human	6	2024-09-23 00:00:00
10	raped, sexual, women, complain, africa	2	2024-09-23 00:00:00
11	200, record, flow, chad, western	2	2024-09-23 00:00:00
12	tear, road, gas, violent, waves	3	2024-09-23 00:00:00
13	welcomes, trafficking, human, restrictions, america	2	2024-09-23 00:00:00
15	begun, voluntary, commissioner, return, unhcr	1	2024-09-23 00:00:00
17	diaspora, learn, generosity, let, links	4	2024-09-23 00:00:00
18	imminent, disaster, marra, jebel, warnings	2	2024-09-23 00:00:00
20	represents, cost, travel, wadi, deported	1	2024-09-23 00:00:00
21	133, territory, difficulties, wadi, facing	3	2024-09-23 00:00:00
23	migration, western, northern, fighting, result	2	2024-09-23 00:00:00
24	long, chad, watch, video, famous	2	2024-09-23 00:00:00
26	closure, jibril, crossing, ibrahim, border	4	2024-09-23 00:00:00
27	driver, longer, mind, responds, girl	1	2024-09-23 00:00:00
28	passed, muhammad, away, marginalization, 2024	2	2024-09-23 00:00:00
31	proof, authority, america, reception, praises	1	2024-09-23 00:00:00
32	despite, invades, pressure, relieve, invasion	3	2024-09-23 00:00:00
33	immigrants, disabled, bad, irregular, escalates	3	2024-09-23 00:00:00
34	praises, efforts, organization, migration, commissioner	1	2024-09-23 00:00:00
35	absorb, libyan, head, immigrants, libya	1	2024-09-23 00:00:00
37	reverse, price, egyptian, migration, bank	1	2024-09-23 00:00:00
39	lebanese, syrian, lebanon, guests, club	3	2024-09-23 00:00:00
40	uganda, taking, 55, measures, seekers	2	2024-09-23 00:00:00
44	painful, tragedy, human, confronting, issues	2	2024-09-23 00:00:00
47	zamzam, wave, fasher, el, camp	1	2024-09-23 00:00:00
48	dollars, agency, libya, pounds, provision	3	2024-09-23 00:00:00
49	complain, food, aid, chad, stop	1	2024-09-23 00:00:00
50	kassab, north, rapid, darfur, camp	1	2024-09-23 00:00:00
51	salaam, es, dar, residents, fighting	1	2024-09-23 00:00:00
52	remain, demands, open, crossing, border	1	2024-09-23 00:00:00
-1	al, jazira, east, island, halfa	85	2024-10-23 00:00:00
0	east, island, outbreak, health, eastern	16	2024-10-23 00:00:00
1	al, fasher, wave, el, escalates	11	2024-10-23 00:00:00
2	darfur, humanitarian, south, camp, aid	7	2024-10-23 00:00:00
3	gaza, bombing, appears, policy, yunis	4	2024-10-23 00:00:00
4	names, completely, times, al, provides	1	2024-10-23 00:00:00
5	libya, escalation, chad, bleak, protests	8	2024-10-23 00:00:00
7	17, certificate, students, inventory, batch	2	2024-10-23 00:00:00
8	jazirah, data, 11, exceeds, al	2	2024-10-23 00:00:00
9	ethiopia, policy, tension, forest, newspaper	4	2024-10-23 00:00:00
10	women, sexual, violence, press, rape	10	2024-10-23 00:00:00
11	address, algeria, secretary, crises, efforts	6	2024-10-23 00:00:00
12	spark, rsf, mass, increase, clashes	2	2024-10-23 00:00:00
13	organizes, workshop, trafficking, combat, human	1	2024-10-23 00:00:00
14	illegal, immigration, phenomenon, reduce, doomed	4	2024-10-23 00:00:00
15	11, high, commissioner, nations, united	1	2024-10-23 00:00:00
16	settle, advantage, took, hemedti, arabs	1	2024-10-23 00:00:00
17	diaspora, ethnic, cleansing, history, marginalization	6	2024-10-23 00:00:00
18	democratic, civilian, heart, stranded, stories	3	2024-10-23 00:00:00
19	tired, sadness, hajj, poor, al	2	2024-10-23 00:00:00
21	draft, registered, nationality, highest, law	6	2024-10-23 00:00:00
22	targeted, janjaweed, millions, civilians, reaches	1	2024-10-23 00:00:00
23	14, migration, 10, population, internal	1	2024-10-23 00:00:00
24	sexy, dance, riyadh, season, visits	1	2024-10-23 00:00:00
25	age, children, risk, organization, millions	3	2024-10-23 00:00:00
26	adrei, closure, controversy, crossing, border	1	2024-10-23 00:00:00
28	marginalization, wants, veto, progress, muhammad	3	2024-10-23 00:00:00
29	island, east, invades, waves, circulating	6	2024-10-23 00:00:00
30	miscarriages, rise, crisis, internally, statistics	1	2024-10-23 00:00:00
31	passports, administration, department, general, foreigners	1	2024-10-23 00:00:00
32	victim, fallen, bleeding, pain, mubarak	2	2024-10-23 00:00:00
34	organization, 14, 30, migration, population	2	2024-10-23 00:00:00
35	libyan, arrives, batch, kufra, city	1	2024-10-23 00:00:00
38	localities, distributing, kassala, families, island	1	2024-10-23 00:00:00
40	uganda, integration, difficulties, despite, complain	2	2024-10-23 00:00:00
42	al, inspects, storm, dulaiq, shindi	3	2024-10-23 00:00:00
44	confronting, issues, painful, tragedy, human	3	2024-10-23 00:00:00
45	moving, sides, areas, coordination, warns	1	2024-10-23 00:00:00
47	invasion, jazira, east, following, arrival	3	2024-10-23 00:00:00
51	coexistence, dagalo, white, militia, attack	2	2024-10-23 00:00:00
52	delivering, airports, accuses, weapons, hemedti	1	2024-10-23 00:00:00
